-- MariaDB dump 10.19  Distrib 10.4.34-MariaDB, for debian-linux-gnu (x86_64)
--
-- Host: localhost    Database: coldfront
-- ------------------------------------------------------
-- Server version	10.4.34-MariaDB-1:10.4.34+maria~ubu2004

/*!40101 SET @OLD_CHARACTER_SET_CLIENT=@@CHARACTER_SET_CLIENT */;
/*!40101 SET @OLD_CHARACTER_SET_RESULTS=@@CHARACTER_SET_RESULTS */;
/*!40101 SET @OLD_COLLATION_CONNECTION=@@COLLATION_CONNECTION */;
/*!40101 SET NAMES utf8mb4 */;
/*!40103 SET @OLD_TIME_ZONE=@@TIME_ZONE */;
/*!40103 SET TIME_ZONE='+00:00' */;
/*!40014 SET @OLD_UNIQUE_CHECKS=@@UNIQUE_CHECKS, UNIQUE_CHECKS=0 */;
/*!40014 SET @OLD_FOREIGN_KEY_CHECKS=@@FOREIGN_KEY_CHECKS, FOREIGN_KEY_CHECKS=0 */;
/*!40101 SET @OLD_SQL_MODE=@@SQL_MODE, SQL_MODE='NO_AUTO_VALUE_ON_ZERO' */;
/*!40111 SET @OLD_SQL_NOTES=@@SQL_NOTES, SQL_NOTES=0 */;

--
-- Table structure for table `account`
--

DROP TABLE IF EXISTS `account`;
/*!40101 SET @saved_cs_client     = @@character_set_client */;
/*!40101 SET character_set_client = utf8 */;
CREATE TABLE `account` (
  `id` int(11) NOT NULL AUTO_INCREMENT,
  `code` varchar(50) NOT NULL,
  `account_type` varchar(20) NOT NULL,
  `name` varchar(100) DEFAULT NULL,
  `root` varchar(5) DEFAULT NULL,
  `created` datetime(6) NOT NULL,
  `updated` datetime(6) NOT NULL,
  `active` tinyint(1) NOT NULL,
  `valid_from` date NOT NULL,
  `expiration_date` date DEFAULT NULL,
  `slug` varchar(100) NOT NULL,
  `funding_category` varchar(100) DEFAULT NULL,
  `organization_id` int(11) NOT NULL,
  `ifxacct` varchar(20) DEFAULT NULL,
  PRIMARY KEY (`id`),
  UNIQUE KEY `slug` (`slug`),
  UNIQUE KEY `account_code_organization_id_5cec83b3_uniq` (`code`,`organization_id`),
  KEY `account_organization_id_655303db_fk` (`organization_id`),
  CONSTRAINT `account_organization_id_655303db_fk` FOREIGN KEY (`organization_id`) REFERENCES `nanites_organization` (`id`)
) ENGINE=InnoDB DEFAULT CHARSET=utf8 COLLATE=utf8_general_ci;
/*!40101 SET character_set_client = @saved_cs_client */;

--
-- Dumping data for table `account`
--

LOCK TABLES `account` WRITE;
/*!40000 ALTER TABLE `account` DISABLE KEYS */;
/*!40000 ALTER TABLE `account` ENABLE KEYS */;
UNLOCK TABLES;

--
-- Table structure for table `allocation_allocation`
--

DROP TABLE IF EXISTS `allocation_allocation`;
/*!40101 SET @saved_cs_client     = @@character_set_client */;
/*!40101 SET character_set_client = utf8 */;
CREATE TABLE `allocation_allocation` (
  `id` int(11) NOT NULL AUTO_INCREMENT,
  `created` datetime(6) NOT NULL,
  `modified` datetime(6) NOT NULL,
  `quantity` int(11) NOT NULL,
  `start_date` date DEFAULT NULL,
  `end_date` date DEFAULT NULL,
  `justification` longtext NOT NULL,
  `description` varchar(512) DEFAULT NULL,
  `project_id` int(11) NOT NULL,
  `status_id` int(11) NOT NULL,
  `is_locked` tinyint(1) NOT NULL,
  `is_changeable` tinyint(1) NOT NULL,
  PRIMARY KEY (`id`),
  KEY `allocation_allocation_project_id_5e458dcd_fk_project_project_id` (`project_id`),
  KEY `allocation_allocatio_status_id_b406fc52_fk_allocatio` (`status_id`),
  CONSTRAINT `allocation_allocatio_status_id_b406fc52_fk_allocatio` FOREIGN KEY (`status_id`) REFERENCES `allocation_allocationstatuschoice` (`id`),
  CONSTRAINT `allocation_allocation_project_id_5e458dcd_fk_project_project_id` FOREIGN KEY (`project_id`) REFERENCES `project_project` (`id`)
) ENGINE=InnoDB DEFAULT CHARSET=utf8 COLLATE=utf8_general_ci;
/*!40101 SET character_set_client = @saved_cs_client */;

--
-- Dumping data for table `allocation_allocation`
--

LOCK TABLES `allocation_allocation` WRITE;
/*!40000 ALTER TABLE `allocation_allocation` DISABLE KEYS */;
/*!40000 ALTER TABLE `allocation_allocation` ENABLE KEYS */;
UNLOCK TABLES;

--
-- Table structure for table `allocation_allocation_resources`
--

DROP TABLE IF EXISTS `allocation_allocation_resources`;
/*!40101 SET @saved_cs_client     = @@character_set_client */;
/*!40101 SET character_set_client = utf8 */;
CREATE TABLE `allocation_allocation_resources` (
  `id` int(11) NOT NULL AUTO_INCREMENT,
  `allocation_id` int(11) NOT NULL,
  `resource_id` int(11) NOT NULL,
  PRIMARY KEY (`id`),
  UNIQUE KEY `allocation_allocation_re_allocation_id_resource_i_34baa7b3_uniq` (`allocation_id`,`resource_id`),
  KEY `allocation_allocatio_resource_id_9f98fde7_fk_resource_` (`resource_id`),
  CONSTRAINT `allocation_allocatio_allocation_id_48cd5368_fk_allocatio` FOREIGN KEY (`allocation_id`) REFERENCES `allocation_allocation` (`id`),
  CONSTRAINT `allocation_allocatio_resource_id_9f98fde7_fk_resource_` FOREIGN KEY (`resource_id`) REFERENCES `resource_resource` (`id`)
) ENGINE=InnoDB DEFAULT CHARSET=utf8 COLLATE=utf8_general_ci;
/*!40101 SET character_set_client = @saved_cs_client */;

--
-- Dumping data for table `allocation_allocation_resources`
--

LOCK TABLES `allocation_allocation_resources` WRITE;
/*!40000 ALTER TABLE `allocation_allocation_resources` DISABLE KEYS */;
/*!40000 ALTER TABLE `allocation_allocation_resources` ENABLE KEYS */;
UNLOCK TABLES;

--
-- Table structure for table `allocation_allocationaccount`
--

DROP TABLE IF EXISTS `allocation_allocationaccount`;
/*!40101 SET @saved_cs_client     = @@character_set_client */;
/*!40101 SET character_set_client = utf8 */;
CREATE TABLE `allocation_allocationaccount` (
  `id` int(11) NOT NULL AUTO_INCREMENT,
  `created` datetime(6) NOT NULL,
  `modified` datetime(6) NOT NULL,
  `name` varchar(64) NOT NULL,
  `user_id` int(11) NOT NULL,
  PRIMARY KEY (`id`),
  UNIQUE KEY `name` (`name`),
  KEY `allocation_allocationaccount_user_id_8783d9ae_fk` (`user_id`),
  CONSTRAINT `allocation_allocationaccount_user_id_8783d9ae_fk` FOREIGN KEY (`user_id`) REFERENCES `ifxuser` (`id`)
) ENGINE=InnoDB DEFAULT CHARSET=utf8 COLLATE=utf8_general_ci;
/*!40101 SET character_set_client = @saved_cs_client */;

--
-- Dumping data for table `allocation_allocationaccount`
--

LOCK TABLES `allocation_allocationaccount` WRITE;
/*!40000 ALTER TABLE `allocation_allocationaccount` DISABLE KEYS */;
/*!40000 ALTER TABLE `allocation_allocationaccount` ENABLE KEYS */;
UNLOCK TABLES;

--
-- Table structure for table `allocation_allocationadminnote`
--

DROP TABLE IF EXISTS `allocation_allocationadminnote`;
/*!40101 SET @saved_cs_client     = @@character_set_client */;
/*!40101 SET character_set_client = utf8 */;
CREATE TABLE `allocation_allocationadminnote` (
  `id` int(11) NOT NULL AUTO_INCREMENT,
  `created` datetime(6) NOT NULL,
  `modified` datetime(6) NOT NULL,
  `note` longtext NOT NULL,
  `allocation_id` int(11) NOT NULL,
  `author_id` int(11) NOT NULL,
  PRIMARY KEY (`id`),
  KEY `allocation_allocatio_allocation_id_06fcb8a0_fk_allocatio` (`allocation_id`),
  KEY `allocation_allocationadminnote_author_id_5bfce103_fk` (`author_id`),
  CONSTRAINT `allocation_allocatio_allocation_id_06fcb8a0_fk_allocatio` FOREIGN KEY (`allocation_id`) REFERENCES `allocation_allocation` (`id`),
  CONSTRAINT `allocation_allocationadminnote_author_id_5bfce103_fk` FOREIGN KEY (`author_id`) REFERENCES `ifxuser` (`id`)
) ENGINE=InnoDB DEFAULT CHARSET=utf8 COLLATE=utf8_general_ci;
/*!40101 SET character_set_client = @saved_cs_client */;

--
-- Dumping data for table `allocation_allocationadminnote`
--

LOCK TABLES `allocation_allocationadminnote` WRITE;
/*!40000 ALTER TABLE `allocation_allocationadminnote` DISABLE KEYS */;
/*!40000 ALTER TABLE `allocation_allocationadminnote` ENABLE KEYS */;
UNLOCK TABLES;

--
-- Table structure for table `allocation_allocationattribute`
--

DROP TABLE IF EXISTS `allocation_allocationattribute`;
/*!40101 SET @saved_cs_client     = @@character_set_client */;
/*!40101 SET character_set_client = utf8 */;
CREATE TABLE `allocation_allocationattribute` (
  `id` int(11) NOT NULL AUTO_INCREMENT,
  `created` datetime(6) NOT NULL,
  `modified` datetime(6) NOT NULL,
  `value` varchar(128) NOT NULL,
  `allocation_id` int(11) NOT NULL,
  `allocation_attribute_type_id` int(11) NOT NULL,
  PRIMARY KEY (`id`),
  KEY `allocation_allocatio_allocation_attribute_93461ad6_fk_allocatio` (`allocation_attribute_type_id`),
  KEY `allocation_allocatio_allocation_id_13033841_fk_allocatio` (`allocation_id`),
  CONSTRAINT `allocation_allocatio_allocation_attribute_93461ad6_fk_allocatio` FOREIGN KEY (`allocation_attribute_type_id`) REFERENCES `allocation_allocationattributetype` (`id`),
  CONSTRAINT `allocation_allocatio_allocation_id_13033841_fk_allocatio` FOREIGN KEY (`allocation_id`) REFERENCES `allocation_allocation` (`id`)
) ENGINE=InnoDB DEFAULT CHARSET=utf8 COLLATE=utf8_general_ci;
/*!40101 SET character_set_client = @saved_cs_client */;

--
-- Dumping data for table `allocation_allocationattribute`
--

LOCK TABLES `allocation_allocationattribute` WRITE;
/*!40000 ALTER TABLE `allocation_allocationattribute` DISABLE KEYS */;
/*!40000 ALTER TABLE `allocation_allocationattribute` ENABLE KEYS */;
UNLOCK TABLES;

--
-- Table structure for table `allocation_allocationattributechangerequest`
--

DROP TABLE IF EXISTS `allocation_allocationattributechangerequest`;
/*!40101 SET @saved_cs_client     = @@character_set_client */;
/*!40101 SET character_set_client = utf8 */;
CREATE TABLE `allocation_allocationattributechangerequest` (
  `id` int(11) NOT NULL AUTO_INCREMENT,
  `created` datetime(6) NOT NULL,
  `modified` datetime(6) NOT NULL,
  `new_value` varchar(128) NOT NULL,
  `allocation_attribute_id` int(11) NOT NULL,
  `allocation_change_request_id` int(11) NOT NULL,
  PRIMARY KEY (`id`),
  KEY `allocation_allocatio_allocation_attribute_bc328b02_fk_allocatio` (`allocation_attribute_id`),
  KEY `allocation_allocatio_allocation_change_re_fc1fcc16_fk_allocatio` (`allocation_change_request_id`),
  CONSTRAINT `allocation_allocatio_allocation_attribute_bc328b02_fk_allocatio` FOREIGN KEY (`allocation_attribute_id`) REFERENCES `allocation_allocationattribute` (`id`),
  CONSTRAINT `allocation_allocatio_allocation_change_re_fc1fcc16_fk_allocatio` FOREIGN KEY (`allocation_change_request_id`) REFERENCES `allocation_allocationchangerequest` (`id`)
) ENGINE=InnoDB DEFAULT CHARSET=utf8 COLLATE=utf8_general_ci;
/*!40101 SET character_set_client = @saved_cs_client */;

--
-- Dumping data for table `allocation_allocationattributechangerequest`
--

LOCK TABLES `allocation_allocationattributechangerequest` WRITE;
/*!40000 ALTER TABLE `allocation_allocationattributechangerequest` DISABLE KEYS */;
/*!40000 ALTER TABLE `allocation_allocationattributechangerequest` ENABLE KEYS */;
UNLOCK TABLES;

--
-- Table structure for table `allocation_allocationattributetype`
--

DROP TABLE IF EXISTS `allocation_allocationattributetype`;
/*!40101 SET @saved_cs_client     = @@character_set_client */;
/*!40101 SET character_set_client = utf8 */;
CREATE TABLE `allocation_allocationattributetype` (
  `id` int(11) NOT NULL AUTO_INCREMENT,
  `created` datetime(6) NOT NULL,
  `modified` datetime(6) NOT NULL,
  `name` varchar(50) NOT NULL,
  `has_usage` tinyint(1) NOT NULL,
  `is_required` tinyint(1) NOT NULL,
  `is_unique` tinyint(1) NOT NULL,
  `is_private` tinyint(1) NOT NULL,
  `attribute_type_id` int(11) NOT NULL,
  `is_changeable` tinyint(1) NOT NULL,
  PRIMARY KEY (`id`),
  KEY `allocation_allocatio_attribute_type_id_732f910f_fk_allocatio` (`attribute_type_id`),
  CONSTRAINT `allocation_allocatio_attribute_type_id_732f910f_fk_allocatio` FOREIGN KEY (`attribute_type_id`) REFERENCES `allocation_attributetype` (`id`)
) ENGINE=InnoDB AUTO_INCREMENT=23 DEFAULT CHARSET=utf8 COLLATE=utf8_general_ci;
/*!40101 SET character_set_client = @saved_cs_client */;

--
-- Dumping data for table `allocation_allocationattributetype`
--

LOCK TABLES `allocation_allocationattributetype` WRITE;
/*!40000 ALTER TABLE `allocation_allocationattributetype` DISABLE KEYS */;
INSERT INTO `allocation_allocationattributetype` VALUES (1,'2024-10-10 01:19:35.371748','2024-10-10 01:19:35.371748','Storage Quota (TB)',1,0,0,0,2,0),(2,'2024-10-10 01:19:35.380731','2024-10-10 01:19:35.380731','Quota_In_Bytes',1,0,0,0,3,0),(3,'2024-10-10 01:19:35.398961','2024-10-10 01:19:35.398961','UseStarFishZone',0,0,0,1,5,0),(4,'2024-10-10 01:19:35.405274','2024-10-10 01:19:35.405274','Offer Letter',0,0,0,1,2,0),(5,'2024-10-10 01:19:35.409840','2024-10-10 01:19:35.409840','RequiresPayment',0,0,0,1,8,0),(6,'2024-10-10 01:19:35.414967','2024-10-10 01:19:35.414967','Offer Letter Code',0,0,0,1,4,0),(7,'2024-10-10 01:19:35.420546','2024-10-10 01:19:35.420546','Expense Code',0,0,0,1,4,0),(8,'2024-10-10 01:19:35.426249','2024-10-10 01:19:35.426249','Subdirectory',0,0,0,0,4,0),(9,'2024-10-10 01:19:35.433892','2024-10-10 01:19:35.433892','Heavy IO',0,0,0,0,5,0),(10,'2024-10-10 01:19:35.439297','2024-10-10 01:19:35.439297','Mounted',0,0,0,0,5,0),(11,'2024-10-10 01:19:35.445646','2024-10-10 01:19:35.445646','High Security',0,0,0,0,5,0),(12,'2024-10-10 01:19:35.452911','2024-10-10 01:19:35.452911','DUA',0,0,0,0,5,0),(13,'2024-10-10 01:19:35.459442','2024-10-10 01:19:35.459442','External Sharing',0,0,0,0,5,0),(14,'2024-10-10 01:19:35.466197','2024-10-10 01:19:35.466197','FairShare',0,0,0,0,2,0),(15,'2024-10-10 01:19:35.471896','2024-10-10 01:19:35.471896','NormShares',0,0,0,0,2,0),(16,'2024-10-10 01:19:35.477631','2024-10-10 01:19:35.477631','EffectvUsage',0,0,0,0,2,0),(17,'2024-10-10 01:19:35.484750','2024-10-10 01:19:35.484750','RawUsage',0,0,0,0,3,0),(18,'2024-10-10 01:19:35.491538','2024-10-10 01:19:35.491538','Cloud Account Name',0,0,0,0,4,0),(19,'2024-10-10 01:19:35.496809','2024-10-10 01:19:35.496809','Core Usage (Hours)',1,0,0,0,2,0),(20,'2024-10-10 01:19:35.502370','2024-10-10 01:19:35.502370','Paid',0,0,0,0,2,0),(21,'2024-10-10 01:19:35.510858','2024-10-10 01:19:35.510858','slurm_account_name',0,0,0,0,4,0),(22,'2024-10-10 01:19:35.517755','2024-10-10 01:19:35.517755','Storage_Group_Name',0,0,0,0,4,0);
/*!40000 ALTER TABLE `allocation_allocationattributetype` ENABLE KEYS */;
UNLOCK TABLES;

--
-- Table structure for table `allocation_allocationattributeusage`
--

DROP TABLE IF EXISTS `allocation_allocationattributeusage`;
/*!40101 SET @saved_cs_client     = @@character_set_client */;
/*!40101 SET character_set_client = utf8 */;
CREATE TABLE `allocation_allocationattributeusage` (
  `created` datetime(6) NOT NULL,
  `modified` datetime(6) NOT NULL,
  `allocation_attribute_id` int(11) NOT NULL,
  `value` double NOT NULL,
  PRIMARY KEY (`allocation_attribute_id`),
  CONSTRAINT `allocation_allocatio_allocation_attribute_179f0a2d_fk_allocatio` FOREIGN KEY (`allocation_attribute_id`) REFERENCES `allocation_allocationattribute` (`id`)
) ENGINE=InnoDB DEFAULT CHARSET=utf8 COLLATE=utf8_general_ci;
/*!40101 SET character_set_client = @saved_cs_client */;

--
-- Dumping data for table `allocation_allocationattributeusage`
--

LOCK TABLES `allocation_allocationattributeusage` WRITE;
/*!40000 ALTER TABLE `allocation_allocationattributeusage` DISABLE KEYS */;
/*!40000 ALTER TABLE `allocation_allocationattributeusage` ENABLE KEYS */;
UNLOCK TABLES;

--
-- Table structure for table `allocation_allocationchangerequest`
--

DROP TABLE IF EXISTS `allocation_allocationchangerequest`;
/*!40101 SET @saved_cs_client     = @@character_set_client */;
/*!40101 SET character_set_client = utf8 */;
CREATE TABLE `allocation_allocationchangerequest` (
  `id` int(11) NOT NULL AUTO_INCREMENT,
  `created` datetime(6) NOT NULL,
  `modified` datetime(6) NOT NULL,
  `end_date_extension` int(11) DEFAULT NULL,
  `justification` longtext NOT NULL,
  `notes` varchar(512) DEFAULT NULL,
  `allocation_id` int(11) NOT NULL,
  `status_id` int(11) NOT NULL,
  PRIMARY KEY (`id`),
  KEY `allocation_allocatio_allocation_id_ad985bc4_fk_allocatio` (`allocation_id`),
  KEY `allocation_allocatio_status_id_76aa30bf_fk_allocatio` (`status_id`),
  CONSTRAINT `allocation_allocatio_allocation_id_ad985bc4_fk_allocatio` FOREIGN KEY (`allocation_id`) REFERENCES `allocation_allocation` (`id`),
  CONSTRAINT `allocation_allocatio_status_id_76aa30bf_fk_allocatio` FOREIGN KEY (`status_id`) REFERENCES `allocation_allocationchangestatuschoice` (`id`)
) ENGINE=InnoDB DEFAULT CHARSET=utf8 COLLATE=utf8_general_ci;
/*!40101 SET character_set_client = @saved_cs_client */;

--
-- Dumping data for table `allocation_allocationchangerequest`
--

LOCK TABLES `allocation_allocationchangerequest` WRITE;
/*!40000 ALTER TABLE `allocation_allocationchangerequest` DISABLE KEYS */;
/*!40000 ALTER TABLE `allocation_allocationchangerequest` ENABLE KEYS */;
UNLOCK TABLES;

--
-- Table structure for table `allocation_allocationchangestatuschoice`
--

DROP TABLE IF EXISTS `allocation_allocationchangestatuschoice`;
/*!40101 SET @saved_cs_client     = @@character_set_client */;
/*!40101 SET character_set_client = utf8 */;
CREATE TABLE `allocation_allocationchangestatuschoice` (
  `id` int(11) NOT NULL AUTO_INCREMENT,
  `created` datetime(6) NOT NULL,
  `modified` datetime(6) NOT NULL,
  `name` varchar(64) NOT NULL,
  PRIMARY KEY (`id`)
) ENGINE=InnoDB AUTO_INCREMENT=4 DEFAULT CHARSET=utf8 COLLATE=utf8_general_ci;
/*!40101 SET character_set_client = @saved_cs_client */;

--
-- Dumping data for table `allocation_allocationchangestatuschoice`
--

LOCK TABLES `allocation_allocationchangestatuschoice` WRITE;
/*!40000 ALTER TABLE `allocation_allocationchangestatuschoice` DISABLE KEYS */;
INSERT INTO `allocation_allocationchangestatuschoice` VALUES (1,'2024-10-10 00:19:41.418078','2024-10-10 00:19:41.418078','Pending'),(2,'2024-10-10 00:19:41.421934','2024-10-10 00:19:41.421934','Approved'),(3,'2024-10-10 00:19:41.424973','2024-10-10 00:19:41.424973','Denied');
/*!40000 ALTER TABLE `allocation_allocationchangestatuschoice` ENABLE KEYS */;
UNLOCK TABLES;

--
-- Table structure for table `allocation_allocationstatuschoice`
--

DROP TABLE IF EXISTS `allocation_allocationstatuschoice`;
/*!40101 SET @saved_cs_client     = @@character_set_client */;
/*!40101 SET character_set_client = utf8 */;
CREATE TABLE `allocation_allocationstatuschoice` (
  `id` int(11) NOT NULL AUTO_INCREMENT,
  `created` datetime(6) NOT NULL,
  `modified` datetime(6) NOT NULL,
  `name` varchar(64) NOT NULL,
  `description` varchar(128) DEFAULT NULL,
  PRIMARY KEY (`id`)
) ENGINE=InnoDB AUTO_INCREMENT=10 DEFAULT CHARSET=utf8 COLLATE=utf8_general_ci;
/*!40101 SET character_set_client = @saved_cs_client */;

--
-- Dumping data for table `allocation_allocationstatuschoice`
--

LOCK TABLES `allocation_allocationstatuschoice` WRITE;
/*!40000 ALTER TABLE `allocation_allocationstatuschoice` DISABLE KEYS */;
INSERT INTO `allocation_allocationstatuschoice` VALUES (1,'2024-10-10 01:19:35.250380','2024-10-10 01:19:35.255478','Active','Allocation is active and in use'),(2,'2024-10-10 01:19:35.260484','2024-10-10 01:19:35.264822','Denied','Allocation request was denied'),(3,'2024-10-10 01:19:35.268640','2024-10-10 01:19:35.271191','Expired','Allocation has expired'),(4,'2024-10-10 01:19:35.274259','2024-10-10 01:19:35.277700','Inactive','Allocation is defunct and no longer exists'),(5,'2024-10-10 01:19:35.280628','2024-10-10 01:19:35.282774','New','Allocation has been requested'),(6,'2024-10-10 01:19:35.287041','2024-10-10 01:19:35.290724','Pending Deactivation','Allocation is slated for deactivation'),(7,'2024-10-10 01:19:35.293233','2024-10-10 01:19:35.295004','In Progress','Allocation request is being processed'),(8,'2024-10-10 01:19:35.297842','2024-10-10 01:19:35.300877','On Hold','Allocation request is on hold'),(9,'2024-10-10 01:19:35.305833','2024-10-10 01:19:35.310985','Pending Activation','Allocation is in the process of being set up and not yet ready for use/billing');
/*!40000 ALTER TABLE `allocation_allocationstatuschoice` ENABLE KEYS */;
UNLOCK TABLES;

--
-- Table structure for table `allocation_allocationuser`
--

DROP TABLE IF EXISTS `allocation_allocationuser`;
/*!40101 SET @saved_cs_client     = @@character_set_client */;
/*!40101 SET character_set_client = utf8 */;
CREATE TABLE `allocation_allocationuser` (
  `id` int(11) NOT NULL AUTO_INCREMENT,
  `created` datetime(6) NOT NULL,
  `modified` datetime(6) NOT NULL,
  `allocation_id` int(11) NOT NULL,
  `status_id` int(11) NOT NULL,
  `user_id` int(11) NOT NULL,
  `unit` longtext NOT NULL,
  `usage` double NOT NULL,
  `usage_bytes` bigint(20) DEFAULT NULL,
  PRIMARY KEY (`id`),
  UNIQUE KEY `allocation_allocationuser_user_id_allocation_id_7228b95f_uniq` (`user_id`,`allocation_id`),
  KEY `allocation_allocatio_allocation_id_cbec4328_fk_allocatio` (`allocation_id`),
  KEY `allocation_allocatio_status_id_2118a472_fk_allocatio` (`status_id`),
  CONSTRAINT `allocation_allocatio_allocation_id_cbec4328_fk_allocatio` FOREIGN KEY (`allocation_id`) REFERENCES `allocation_allocation` (`id`),
  CONSTRAINT `allocation_allocatio_status_id_2118a472_fk_allocatio` FOREIGN KEY (`status_id`) REFERENCES `allocation_allocationuserstatuschoice` (`id`),
  CONSTRAINT `allocation_allocationuser_user_id_41de8fc3_fk` FOREIGN KEY (`user_id`) REFERENCES `ifxuser` (`id`)
) ENGINE=InnoDB DEFAULT CHARSET=utf8 COLLATE=utf8_general_ci;
/*!40101 SET character_set_client = @saved_cs_client */;

--
-- Dumping data for table `allocation_allocationuser`
--

LOCK TABLES `allocation_allocationuser` WRITE;
/*!40000 ALTER TABLE `allocation_allocationuser` DISABLE KEYS */;
/*!40000 ALTER TABLE `allocation_allocationuser` ENABLE KEYS */;
UNLOCK TABLES;

--
-- Table structure for table `allocation_allocationuserattribute`
--

DROP TABLE IF EXISTS `allocation_allocationuserattribute`;
/*!40101 SET @saved_cs_client     = @@character_set_client */;
/*!40101 SET character_set_client = utf8 */;
CREATE TABLE `allocation_allocationuserattribute` (
  `id` int(11) NOT NULL AUTO_INCREMENT,
  `created` datetime(6) NOT NULL,
  `modified` datetime(6) NOT NULL,
  `value` varchar(128) NOT NULL,
  `allocationuser_id` int(11) NOT NULL,
  `allocationuser_attribute_type_id` int(11) NOT NULL,
  PRIMARY KEY (`id`),
  KEY `allocation_allocatio_allocationuser_id_50bb8295_fk_allocatio` (`allocationuser_id`),
  KEY `allocation_allocatio_allocationuser_attri_f28340f3_fk_allocatio` (`allocationuser_attribute_type_id`),
  CONSTRAINT `allocation_allocatio_allocationuser_attri_f28340f3_fk_allocatio` FOREIGN KEY (`allocationuser_attribute_type_id`) REFERENCES `allocation_allocationuserattributetype` (`id`),
  CONSTRAINT `allocation_allocatio_allocationuser_id_50bb8295_fk_allocatio` FOREIGN KEY (`allocationuser_id`) REFERENCES `allocation_allocationuser` (`id`)
) ENGINE=InnoDB DEFAULT CHARSET=utf8 COLLATE=utf8_general_ci;
/*!40101 SET character_set_client = @saved_cs_client */;

--
-- Dumping data for table `allocation_allocationuserattribute`
--

LOCK TABLES `allocation_allocationuserattribute` WRITE;
/*!40000 ALTER TABLE `allocation_allocationuserattribute` DISABLE KEYS */;
/*!40000 ALTER TABLE `allocation_allocationuserattribute` ENABLE KEYS */;
UNLOCK TABLES;

--
-- Table structure for table `allocation_allocationuserattributetype`
--

DROP TABLE IF EXISTS `allocation_allocationuserattributetype`;
/*!40101 SET @saved_cs_client     = @@character_set_client */;
/*!40101 SET character_set_client = utf8 */;
CREATE TABLE `allocation_allocationuserattributetype` (
  `id` int(11) NOT NULL AUTO_INCREMENT,
  `created` datetime(6) NOT NULL,
  `modified` datetime(6) NOT NULL,
  `name` varchar(50) NOT NULL,
  `is_required` tinyint(1) NOT NULL,
  `is_unique` tinyint(1) NOT NULL,
  `is_private` tinyint(1) NOT NULL,
  `is_changeable` tinyint(1) NOT NULL,
  `attribute_type_id` int(11) NOT NULL,
  PRIMARY KEY (`id`),
  KEY `allocation_allocatio_attribute_type_id_e19fe6f3_fk_allocatio` (`attribute_type_id`),
  CONSTRAINT `allocation_allocatio_attribute_type_id_e19fe6f3_fk_allocatio` FOREIGN KEY (`attribute_type_id`) REFERENCES `allocation_attributetype` (`id`)
) ENGINE=InnoDB AUTO_INCREMENT=5 DEFAULT CHARSET=utf8 COLLATE=utf8_general_ci;
/*!40101 SET character_set_client = @saved_cs_client */;

--
-- Dumping data for table `allocation_allocationuserattributetype`
--

LOCK TABLES `allocation_allocationuserattributetype` WRITE;
/*!40000 ALTER TABLE `allocation_allocationuserattributetype` DISABLE KEYS */;
INSERT INTO `allocation_allocationuserattributetype` VALUES (1,'2024-10-10 01:19:35.340188','2024-10-10 01:19:35.340188','FairShare',0,0,0,0,2),(2,'2024-10-10 01:19:35.350071','2024-10-10 01:19:35.350071','NormShares',0,0,0,0,2),(3,'2024-10-10 01:19:35.358701','2024-10-10 01:19:35.358701','EffectvUsage',0,0,0,0,2),(4,'2024-10-10 01:19:35.364422','2024-10-10 01:19:35.364422','RawUsage',0,0,0,0,3);
/*!40000 ALTER TABLE `allocation_allocationuserattributetype` ENABLE KEYS */;
UNLOCK TABLES;

--
-- Table structure for table `allocation_allocationusernote`
--

DROP TABLE IF EXISTS `allocation_allocationusernote`;
/*!40101 SET @saved_cs_client     = @@character_set_client */;
/*!40101 SET character_set_client = utf8 */;
CREATE TABLE `allocation_allocationusernote` (
  `id` int(11) NOT NULL AUTO_INCREMENT,
  `created` datetime(6) NOT NULL,
  `modified` datetime(6) NOT NULL,
  `is_private` tinyint(1) NOT NULL,
  `note` longtext NOT NULL,
  `allocation_id` int(11) NOT NULL,
  `author_id` int(11) NOT NULL,
  PRIMARY KEY (`id`),
  KEY `allocation_allocatio_allocation_id_9c4808b1_fk_allocatio` (`allocation_id`),
  KEY `allocation_allocationusernote_author_id_57b25b8f_fk` (`author_id`),
  CONSTRAINT `allocation_allocatio_allocation_id_9c4808b1_fk_allocatio` FOREIGN KEY (`allocation_id`) REFERENCES `allocation_allocation` (`id`),
  CONSTRAINT `allocation_allocationusernote_author_id_57b25b8f_fk` FOREIGN KEY (`author_id`) REFERENCES `ifxuser` (`id`)
) ENGINE=InnoDB DEFAULT CHARSET=utf8 COLLATE=utf8_general_ci;
/*!40101 SET character_set_client = @saved_cs_client */;

--
-- Dumping data for table `allocation_allocationusernote`
--

LOCK TABLES `allocation_allocationusernote` WRITE;
/*!40000 ALTER TABLE `allocation_allocationusernote` DISABLE KEYS */;
/*!40000 ALTER TABLE `allocation_allocationusernote` ENABLE KEYS */;
UNLOCK TABLES;

--
-- Table structure for table `allocation_allocationuserstatuschoice`
--

DROP TABLE IF EXISTS `allocation_allocationuserstatuschoice`;
/*!40101 SET @saved_cs_client     = @@character_set_client */;
/*!40101 SET character_set_client = utf8 */;
CREATE TABLE `allocation_allocationuserstatuschoice` (
  `id` int(11) NOT NULL AUTO_INCREMENT,
  `created` datetime(6) NOT NULL,
  `modified` datetime(6) NOT NULL,
  `name` varchar(64) NOT NULL,
  PRIMARY KEY (`id`)
) ENGINE=InnoDB AUTO_INCREMENT=4 DEFAULT CHARSET=utf8 COLLATE=utf8_general_ci;
/*!40101 SET character_set_client = @saved_cs_client */;

--
-- Dumping data for table `allocation_allocationuserstatuschoice`
--

LOCK TABLES `allocation_allocationuserstatuschoice` WRITE;
/*!40000 ALTER TABLE `allocation_allocationuserstatuschoice` DISABLE KEYS */;
INSERT INTO `allocation_allocationuserstatuschoice` VALUES (1,'2024-10-10 01:19:35.321905','2024-10-10 01:19:35.321905','Active'),(2,'2024-10-10 01:19:35.327123','2024-10-10 01:19:35.327123','Error'),(3,'2024-10-10 01:19:35.333362','2024-10-10 01:19:35.333362','Removed');
/*!40000 ALTER TABLE `allocation_allocationuserstatuschoice` ENABLE KEYS */;
UNLOCK TABLES;

--
-- Table structure for table `allocation_attributetype`
--

DROP TABLE IF EXISTS `allocation_attributetype`;
/*!40101 SET @saved_cs_client     = @@character_set_client */;
/*!40101 SET character_set_client = utf8 */;
CREATE TABLE `allocation_attributetype` (
  `id` int(11) NOT NULL AUTO_INCREMENT,
  `created` datetime(6) NOT NULL,
  `modified` datetime(6) NOT NULL,
  `name` varchar(64) NOT NULL,
  PRIMARY KEY (`id`)
) ENGINE=InnoDB AUTO_INCREMENT=9 DEFAULT CHARSET=utf8 COLLATE=utf8_general_ci;
/*!40101 SET character_set_client = @saved_cs_client */;

--
-- Dumping data for table `allocation_attributetype`
--

LOCK TABLES `allocation_attributetype` WRITE;
/*!40000 ALTER TABLE `allocation_attributetype` DISABLE KEYS */;
INSERT INTO `allocation_attributetype` VALUES (1,'2024-10-10 01:19:35.205697','2024-10-10 01:19:35.205697','Date'),(2,'2024-10-10 01:19:35.212747','2024-10-10 01:19:35.212747','Float'),(3,'2024-10-10 01:19:35.221482','2024-10-10 01:19:35.221482','Int'),(4,'2024-10-10 01:19:35.226343','2024-10-10 01:19:35.226343','Text'),(5,'2024-10-10 01:19:35.230122','2024-10-10 01:19:35.230122','Yes/No'),(6,'2024-10-10 01:19:35.235445','2024-10-10 01:19:35.235445','No'),(7,'2024-10-10 01:19:35.240985','2024-10-10 01:19:35.240985','Attribute Expanded Text'),(8,'2024-10-10 01:19:35.245417','2024-10-10 01:19:35.245417','Boolean');
/*!40000 ALTER TABLE `allocation_attributetype` ENABLE KEYS */;
UNLOCK TABLES;

--
-- Table structure for table `allocation_historicalallocation`
--

DROP TABLE IF EXISTS `allocation_historicalallocation`;
/*!40101 SET @saved_cs_client     = @@character_set_client */;
/*!40101 SET character_set_client = utf8 */;
CREATE TABLE `allocation_historicalallocation` (
  `id` int(11) NOT NULL,
  `created` datetime(6) NOT NULL,
  `modified` datetime(6) NOT NULL,
  `quantity` int(11) NOT NULL,
  `start_date` date DEFAULT NULL,
  `end_date` date DEFAULT NULL,
  `justification` longtext NOT NULL,
  `description` varchar(512) DEFAULT NULL,
  `history_id` int(11) NOT NULL AUTO_INCREMENT,
  `history_date` datetime(6) NOT NULL,
  `history_change_reason` varchar(100) DEFAULT NULL,
  `history_type` varchar(1) NOT NULL,
  `history_user_id` int(11) DEFAULT NULL,
  `project_id` int(11) DEFAULT NULL,
  `status_id` int(11) DEFAULT NULL,
  `is_locked` tinyint(1) NOT NULL,
  `is_changeable` tinyint(1) NOT NULL,
  PRIMARY KEY (`history_id`),
  KEY `allocation_historicalallocation_id_d5cad58a` (`id`),
  KEY `allocation_historicalallocation_project_id_de9ddaae` (`project_id`),
  KEY `allocation_historicalallocation_status_id_2d61603b` (`status_id`),
  KEY `allocation_historicalallocation_history_date_419f6c54` (`history_date`),
  KEY `allocation_historicalallocation_history_user_id_61b290ba_fk` (`history_user_id`),
  CONSTRAINT `allocation_historicalallocation_history_user_id_61b290ba_fk` FOREIGN KEY (`history_user_id`) REFERENCES `ifxuser` (`id`)
) ENGINE=InnoDB DEFAULT CHARSET=utf8 COLLATE=utf8_general_ci;
/*!40101 SET character_set_client = @saved_cs_client */;

--
-- Dumping data for table `allocation_historicalallocation`
--

LOCK TABLES `allocation_historicalallocation` WRITE;
/*!40000 ALTER TABLE `allocation_historicalallocation` DISABLE KEYS */;
/*!40000 ALTER TABLE `allocation_historicalallocation` ENABLE KEYS */;
UNLOCK TABLES;

--
-- Table structure for table `allocation_historicalallocationattribute`
--

DROP TABLE IF EXISTS `allocation_historicalallocationattribute`;
/*!40101 SET @saved_cs_client     = @@character_set_client */;
/*!40101 SET character_set_client = utf8 */;
CREATE TABLE `allocation_historicalallocationattribute` (
  `id` int(11) NOT NULL,
  `created` datetime(6) NOT NULL,
  `modified` datetime(6) NOT NULL,
  `value` varchar(128) NOT NULL,
  `history_id` int(11) NOT NULL AUTO_INCREMENT,
  `history_date` datetime(6) NOT NULL,
  `history_change_reason` varchar(100) DEFAULT NULL,
  `history_type` varchar(1) NOT NULL,
  `allocation_id` int(11) DEFAULT NULL,
  `allocation_attribute_type_id` int(11) DEFAULT NULL,
  `history_user_id` int(11) DEFAULT NULL,
  PRIMARY KEY (`history_id`),
  KEY `allocation_historicalallocationattribute_id_b7d328ef` (`id`),
  KEY `allocation_historicalallocationattribute_allocation_id_6d6668ce` (`allocation_id`),
  KEY `allocation_historicalalloca_allocation_attribute_type_i_220f16e6` (`allocation_attribute_type_id`),
  KEY `allocation_historicalallocationattribute_history_date_c8363d44` (`history_date`),
  KEY `allocation_historicalallo_history_user_id_07ffa88b_fk` (`history_user_id`),
  CONSTRAINT `allocation_historicalallo_history_user_id_07ffa88b_fk` FOREIGN KEY (`history_user_id`) REFERENCES `ifxuser` (`id`)
) ENGINE=InnoDB DEFAULT CHARSET=utf8 COLLATE=utf8_general_ci;
/*!40101 SET character_set_client = @saved_cs_client */;

--
-- Dumping data for table `allocation_historicalallocationattribute`
--

LOCK TABLES `allocation_historicalallocationattribute` WRITE;
/*!40000 ALTER TABLE `allocation_historicalallocationattribute` DISABLE KEYS */;
/*!40000 ALTER TABLE `allocation_historicalallocationattribute` ENABLE KEYS */;
UNLOCK TABLES;

--
-- Table structure for table `allocation_historicalallocationattributechangerequest`
--

DROP TABLE IF EXISTS `allocation_historicalallocationattributechangerequest`;
/*!40101 SET @saved_cs_client     = @@character_set_client */;
/*!40101 SET character_set_client = utf8 */;
CREATE TABLE `allocation_historicalallocationattributechangerequest` (
  `id` int(11) NOT NULL,
  `created` datetime(6) NOT NULL,
  `modified` datetime(6) NOT NULL,
  `new_value` varchar(128) NOT NULL,
  `history_id` int(11) NOT NULL AUTO_INCREMENT,
  `history_date` datetime(6) NOT NULL,
  `history_change_reason` varchar(100) DEFAULT NULL,
  `history_type` varchar(1) NOT NULL,
  `allocation_attribute_id` int(11) DEFAULT NULL,
  `allocation_change_request_id` int(11) DEFAULT NULL,
  `history_user_id` int(11) DEFAULT NULL,
  PRIMARY KEY (`history_id`),
  KEY `allocation_historicalalloca_id_c82de47a` (`id`),
  KEY `allocation_historicalalloca_allocation_attribute_id_63107191` (`allocation_attribute_id`),
  KEY `allocation_historicalalloca_allocation_change_request_i_0833ddb6` (`allocation_change_request_id`),
  KEY `allocation_historicalalloca_history_date_39d74db7` (`history_date`),
  KEY `allocation_historicalallo_history_user_id_eb8e7771_fk` (`history_user_id`),
  CONSTRAINT `allocation_historicalallo_history_user_id_eb8e7771_fk` FOREIGN KEY (`history_user_id`) REFERENCES `ifxuser` (`id`)
) ENGINE=InnoDB DEFAULT CHARSET=utf8 COLLATE=utf8_general_ci;
/*!40101 SET character_set_client = @saved_cs_client */;

--
-- Dumping data for table `allocation_historicalallocationattributechangerequest`
--

LOCK TABLES `allocation_historicalallocationattributechangerequest` WRITE;
/*!40000 ALTER TABLE `allocation_historicalallocationattributechangerequest` DISABLE KEYS */;
/*!40000 ALTER TABLE `allocation_historicalallocationattributechangerequest` ENABLE KEYS */;
UNLOCK TABLES;

--
-- Table structure for table `allocation_historicalallocationattributetype`
--

DROP TABLE IF EXISTS `allocation_historicalallocationattributetype`;
/*!40101 SET @saved_cs_client     = @@character_set_client */;
/*!40101 SET character_set_client = utf8 */;
CREATE TABLE `allocation_historicalallocationattributetype` (
  `id` int(11) NOT NULL,
  `created` datetime(6) NOT NULL,
  `modified` datetime(6) NOT NULL,
  `name` varchar(50) NOT NULL,
  `has_usage` tinyint(1) NOT NULL,
  `is_required` tinyint(1) NOT NULL,
  `is_unique` tinyint(1) NOT NULL,
  `is_private` tinyint(1) NOT NULL,
  `history_id` int(11) NOT NULL AUTO_INCREMENT,
  `history_date` datetime(6) NOT NULL,
  `history_change_reason` varchar(100) DEFAULT NULL,
  `history_type` varchar(1) NOT NULL,
  `attribute_type_id` int(11) DEFAULT NULL,
  `history_user_id` int(11) DEFAULT NULL,
  `is_changeable` tinyint(1) NOT NULL,
  PRIMARY KEY (`history_id`),
  KEY `allocation_historicalallocationattributetype_id_14588cf3` (`id`),
  KEY `allocation_historicalalloca_attribute_type_id_c73541d0` (`attribute_type_id`),
  KEY `allocation_historicalalloca_history_date_91656582` (`history_date`),
  KEY `allocation_historicalallo_history_user_id_954dbf55_fk` (`history_user_id`),
  CONSTRAINT `allocation_historicalallo_history_user_id_954dbf55_fk` FOREIGN KEY (`history_user_id`) REFERENCES `ifxuser` (`id`)
) ENGINE=InnoDB AUTO_INCREMENT=23 DEFAULT CHARSET=utf8 COLLATE=utf8_general_ci;
/*!40101 SET character_set_client = @saved_cs_client */;

--
-- Dumping data for table `allocation_historicalallocationattributetype`
--

LOCK TABLES `allocation_historicalallocationattributetype` WRITE;
/*!40000 ALTER TABLE `allocation_historicalallocationattributetype` DISABLE KEYS */;
INSERT INTO `allocation_historicalallocationattributetype` VALUES (1,'2024-10-10 01:19:35.371748','2024-10-10 01:19:35.371748','Storage Quota (TB)',1,0,0,0,1,'2024-10-10 01:19:35.373401',NULL,'+',2,NULL,0),(2,'2024-10-10 01:19:35.380731','2024-10-10 01:19:35.380731','Quota_In_Bytes',1,0,0,0,2,'2024-10-10 01:19:35.381392',NULL,'+',3,NULL,0),(3,'2024-10-10 01:19:35.398961','2024-10-10 01:19:35.398961','UseStarFishZone',0,0,0,1,3,'2024-10-10 01:19:35.400189',NULL,'+',5,NULL,0),(4,'2024-10-10 01:19:35.405274','2024-10-10 01:19:35.405274','Offer Letter',0,0,0,1,4,'2024-10-10 01:19:35.405828',NULL,'+',2,NULL,0),(5,'2024-10-10 01:19:35.409840','2024-10-10 01:19:35.409840','RequiresPayment',0,0,0,1,5,'2024-10-10 01:19:35.410362',NULL,'+',8,NULL,0),(6,'2024-10-10 01:19:35.414967','2024-10-10 01:19:35.414967','Offer Letter Code',0,0,0,1,6,'2024-10-10 01:19:35.416104',NULL,'+',4,NULL,0),(7,'2024-10-10 01:19:35.420546','2024-10-10 01:19:35.420546','Expense Code',0,0,0,1,7,'2024-10-10 01:19:35.421620',NULL,'+',4,NULL,0),(8,'2024-10-10 01:19:35.426249','2024-10-10 01:19:35.426249','Subdirectory',0,0,0,0,8,'2024-10-10 01:19:35.427901',NULL,'+',4,NULL,0),(9,'2024-10-10 01:19:35.433892','2024-10-10 01:19:35.433892','Heavy IO',0,0,0,0,9,'2024-10-10 01:19:35.434397',NULL,'+',5,NULL,0),(10,'2024-10-10 01:19:35.439297','2024-10-10 01:19:35.439297','Mounted',0,0,0,0,10,'2024-10-10 01:19:35.440117',NULL,'+',5,NULL,0),(11,'2024-10-10 01:19:35.445646','2024-10-10 01:19:35.445646','High Security',0,0,0,0,11,'2024-10-10 01:19:35.446911',NULL,'+',5,NULL,0),(12,'2024-10-10 01:19:35.452911','2024-10-10 01:19:35.452911','DUA',0,0,0,0,12,'2024-10-10 01:19:35.453556',NULL,'+',5,NULL,0),(13,'2024-10-10 01:19:35.459442','2024-10-10 01:19:35.459442','External Sharing',0,0,0,0,13,'2024-10-10 01:19:35.460761',NULL,'+',5,NULL,0),(14,'2024-10-10 01:19:35.466197','2024-10-10 01:19:35.466197','FairShare',0,0,0,0,14,'2024-10-10 01:19:35.466867',NULL,'+',2,NULL,0),(15,'2024-10-10 01:19:35.471896','2024-10-10 01:19:35.471896','NormShares',0,0,0,0,15,'2024-10-10 01:19:35.472526',NULL,'+',2,NULL,0),(16,'2024-10-10 01:19:35.477631','2024-10-10 01:19:35.477631','EffectvUsage',0,0,0,0,16,'2024-10-10 01:19:35.478807',NULL,'+',2,NULL,0),(17,'2024-10-10 01:19:35.484750','2024-10-10 01:19:35.484750','RawUsage',0,0,0,0,17,'2024-10-10 01:19:35.485951',NULL,'+',3,NULL,0),(18,'2024-10-10 01:19:35.491538','2024-10-10 01:19:35.491538','Cloud Account Name',0,0,0,0,18,'2024-10-10 01:19:35.492773',NULL,'+',4,NULL,0),(19,'2024-10-10 01:19:35.496809','2024-10-10 01:19:35.496809','Core Usage (Hours)',1,0,0,0,19,'2024-10-10 01:19:35.497885',NULL,'+',2,NULL,0),(20,'2024-10-10 01:19:35.502370','2024-10-10 01:19:35.502370','Paid',0,0,0,0,20,'2024-10-10 01:19:35.505474',NULL,'+',2,NULL,0),(21,'2024-10-10 01:19:35.510858','2024-10-10 01:19:35.510858','slurm_account_name',0,0,0,0,21,'2024-10-10 01:19:35.511611',NULL,'+',4,NULL,0),(22,'2024-10-10 01:19:35.517755','2024-10-10 01:19:35.517755','Storage_Group_Name',0,0,0,0,22,'2024-10-10 01:19:35.518384',NULL,'+',4,NULL,0);
/*!40000 ALTER TABLE `allocation_historicalallocationattributetype` ENABLE KEYS */;
UNLOCK TABLES;

--
-- Table structure for table `allocation_historicalallocationattributeusage`
--

DROP TABLE IF EXISTS `allocation_historicalallocationattributeusage`;
/*!40101 SET @saved_cs_client     = @@character_set_client */;
/*!40101 SET character_set_client = utf8 */;
CREATE TABLE `allocation_historicalallocationattributeusage` (
  `created` datetime(6) NOT NULL,
  `modified` datetime(6) NOT NULL,
  `value` double NOT NULL,
  `history_id` int(11) NOT NULL AUTO_INCREMENT,
  `history_date` datetime(6) NOT NULL,
  `history_change_reason` varchar(100) DEFAULT NULL,
  `history_type` varchar(1) NOT NULL,
  `allocation_attribute_id` int(11) DEFAULT NULL,
  `history_user_id` int(11) DEFAULT NULL,
  PRIMARY KEY (`history_id`),
  KEY `allocation_historicalalloca_allocation_attribute_id_777fa750` (`allocation_attribute_id`),
  KEY `allocation_historicalalloca_history_date_14ba984b` (`history_date`),
  KEY `allocation_historicalallo_history_user_id_842acff8_fk` (`history_user_id`),
  CONSTRAINT `allocation_historicalallo_history_user_id_842acff8_fk` FOREIGN KEY (`history_user_id`) REFERENCES `ifxuser` (`id`)
) ENGINE=InnoDB DEFAULT CHARSET=utf8 COLLATE=utf8_general_ci;
/*!40101 SET character_set_client = @saved_cs_client */;

--
-- Dumping data for table `allocation_historicalallocationattributeusage`
--

LOCK TABLES `allocation_historicalallocationattributeusage` WRITE;
/*!40000 ALTER TABLE `allocation_historicalallocationattributeusage` DISABLE KEYS */;
/*!40000 ALTER TABLE `allocation_historicalallocationattributeusage` ENABLE KEYS */;
UNLOCK TABLES;

--
-- Table structure for table `allocation_historicalallocationchangerequest`
--

DROP TABLE IF EXISTS `allocation_historicalallocationchangerequest`;
/*!40101 SET @saved_cs_client     = @@character_set_client */;
/*!40101 SET character_set_client = utf8 */;
CREATE TABLE `allocation_historicalallocationchangerequest` (
  `id` int(11) NOT NULL,
  `created` datetime(6) NOT NULL,
  `modified` datetime(6) NOT NULL,
  `end_date_extension` int(11) DEFAULT NULL,
  `justification` longtext NOT NULL,
  `notes` varchar(512) DEFAULT NULL,
  `history_id` int(11) NOT NULL AUTO_INCREMENT,
  `history_date` datetime(6) NOT NULL,
  `history_change_reason` varchar(100) DEFAULT NULL,
  `history_type` varchar(1) NOT NULL,
  `allocation_id` int(11) DEFAULT NULL,
  `history_user_id` int(11) DEFAULT NULL,
  `status_id` int(11) DEFAULT NULL,
  PRIMARY KEY (`history_id`),
  KEY `allocation_historicalallocationchangerequest_id_da47945f` (`id`),
  KEY `allocation_historicalalloca_allocation_id_06dfdbf8` (`allocation_id`),
  KEY `allocation_historicalallocationchangerequest_status_id_e548aa4b` (`status_id`),
  KEY `allocation_historicalalloca_history_date_623b8466` (`history_date`),
  KEY `allocation_historicalallo_history_user_id_089040a8_fk` (`history_user_id`),
  CONSTRAINT `allocation_historicalallo_history_user_id_089040a8_fk` FOREIGN KEY (`history_user_id`) REFERENCES `ifxuser` (`id`)
) ENGINE=InnoDB DEFAULT CHARSET=utf8 COLLATE=utf8_general_ci;
/*!40101 SET character_set_client = @saved_cs_client */;

--
-- Dumping data for table `allocation_historicalallocationchangerequest`
--

LOCK TABLES `allocation_historicalallocationchangerequest` WRITE;
/*!40000 ALTER TABLE `allocation_historicalallocationchangerequest` DISABLE KEYS */;
/*!40000 ALTER TABLE `allocation_historicalallocationchangerequest` ENABLE KEYS */;
UNLOCK TABLES;

--
-- Table structure for table `allocation_historicalallocationuser`
--

DROP TABLE IF EXISTS `allocation_historicalallocationuser`;
/*!40101 SET @saved_cs_client     = @@character_set_client */;
/*!40101 SET character_set_client = utf8 */;
CREATE TABLE `allocation_historicalallocationuser` (
  `id` int(11) NOT NULL,
  `created` datetime(6) NOT NULL,
  `modified` datetime(6) NOT NULL,
  `history_id` int(11) NOT NULL AUTO_INCREMENT,
  `history_date` datetime(6) NOT NULL,
  `history_change_reason` varchar(100) DEFAULT NULL,
  `history_type` varchar(1) NOT NULL,
  `allocation_id` int(11) DEFAULT NULL,
  `history_user_id` int(11) DEFAULT NULL,
  `status_id` int(11) DEFAULT NULL,
  `user_id` int(11) DEFAULT NULL,
  `unit` longtext NOT NULL,
  `usage` double NOT NULL,
  `usage_bytes` bigint(20) DEFAULT NULL,
  PRIMARY KEY (`history_id`),
  KEY `allocation_historicalallocationuser_id_b8f3ad63` (`id`),
  KEY `allocation_historicalallocationuser_allocation_id_131d8e6b` (`allocation_id`),
  KEY `allocation_historicalallocationuser_status_id_8ba69c0f` (`status_id`),
  KEY `allocation_historicalallocationuser_user_id_64117d10` (`user_id`),
  KEY `allocation_historicalallocationuser_history_date_c696a461` (`history_date`),
  KEY `allocation_historicalallocationuser_history_user_id_855d3b19_fk` (`history_user_id`),
  CONSTRAINT `allocation_historicalallocationuser_history_user_id_855d3b19_fk` FOREIGN KEY (`history_user_id`) REFERENCES `ifxuser` (`id`)
) ENGINE=InnoDB DEFAULT CHARSET=utf8 COLLATE=utf8_general_ci;
/*!40101 SET character_set_client = @saved_cs_client */;

--
-- Dumping data for table `allocation_historicalallocationuser`
--

LOCK TABLES `allocation_historicalallocationuser` WRITE;
/*!40000 ALTER TABLE `allocation_historicalallocationuser` DISABLE KEYS */;
/*!40000 ALTER TABLE `allocation_historicalallocationuser` ENABLE KEYS */;
UNLOCK TABLES;

--
-- Table structure for table `allocation_historicalallocationuserattribute`
--

DROP TABLE IF EXISTS `allocation_historicalallocationuserattribute`;
/*!40101 SET @saved_cs_client     = @@character_set_client */;
/*!40101 SET character_set_client = utf8 */;
CREATE TABLE `allocation_historicalallocationuserattribute` (
  `id` int(11) NOT NULL,
  `created` datetime(6) NOT NULL,
  `modified` datetime(6) NOT NULL,
  `value` varchar(128) NOT NULL,
  `history_id` int(11) NOT NULL AUTO_INCREMENT,
  `history_date` datetime(6) NOT NULL,
  `history_change_reason` varchar(100) DEFAULT NULL,
  `history_type` varchar(1) NOT NULL,
  `allocationuser_id` int(11) DEFAULT NULL,
  `allocationuser_attribute_type_id` int(11) DEFAULT NULL,
  `history_user_id` int(11) DEFAULT NULL,
  PRIMARY KEY (`history_id`),
  KEY `allocation_historicalallocationuserattribute_id_39722087` (`id`),
  KEY `allocation_historicalalloca_history_date_d68b036d` (`history_date`),
  KEY `allocation_historicalalloca_allocationuser_id_1f92c4db` (`allocationuser_id`),
  KEY `allocation_historicalalloca_allocationuser_attribute_ty_da72fba2` (`allocationuser_attribute_type_id`),
  KEY `allocation_historicalallo_history_user_id_66fd4fa4_fk` (`history_user_id`),
  CONSTRAINT `allocation_historicalallo_history_user_id_66fd4fa4_fk` FOREIGN KEY (`history_user_id`) REFERENCES `ifxuser` (`id`)
) ENGINE=InnoDB DEFAULT CHARSET=utf8 COLLATE=utf8_general_ci;
/*!40101 SET character_set_client = @saved_cs_client */;

--
-- Dumping data for table `allocation_historicalallocationuserattribute`
--

LOCK TABLES `allocation_historicalallocationuserattribute` WRITE;
/*!40000 ALTER TABLE `allocation_historicalallocationuserattribute` DISABLE KEYS */;
/*!40000 ALTER TABLE `allocation_historicalallocationuserattribute` ENABLE KEYS */;
UNLOCK TABLES;

--
-- Table structure for table `allocation_historicalallocationuserattributetype`
--

DROP TABLE IF EXISTS `allocation_historicalallocationuserattributetype`;
/*!40101 SET @saved_cs_client     = @@character_set_client */;
/*!40101 SET character_set_client = utf8 */;
CREATE TABLE `allocation_historicalallocationuserattributetype` (
  `id` int(11) NOT NULL,
  `created` datetime(6) NOT NULL,
  `modified` datetime(6) NOT NULL,
  `name` varchar(50) NOT NULL,
  `is_required` tinyint(1) NOT NULL,
  `is_unique` tinyint(1) NOT NULL,
  `is_private` tinyint(1) NOT NULL,
  `is_changeable` tinyint(1) NOT NULL,
  `history_id` int(11) NOT NULL AUTO_INCREMENT,
  `history_date` datetime(6) NOT NULL,
  `history_change_reason` varchar(100) DEFAULT NULL,
  `history_type` varchar(1) NOT NULL,
  `attribute_type_id` int(11) DEFAULT NULL,
  `history_user_id` int(11) DEFAULT NULL,
  PRIMARY KEY (`history_id`),
  KEY `allocation_historicalallocationuserattributetype_id_ff940ea7` (`id`),
  KEY `allocation_historicalalloca_history_date_270f998d` (`history_date`),
  KEY `allocation_historicalalloca_attribute_type_id_a3185980` (`attribute_type_id`),
  KEY `allocation_historicalallo_history_user_id_bb6cd2d4_fk` (`history_user_id`),
  CONSTRAINT `allocation_historicalallo_history_user_id_bb6cd2d4_fk` FOREIGN KEY (`history_user_id`) REFERENCES `ifxuser` (`id`)
) ENGINE=InnoDB AUTO_INCREMENT=5 DEFAULT CHARSET=utf8 COLLATE=utf8_general_ci;
/*!40101 SET character_set_client = @saved_cs_client */;

--
-- Dumping data for table `allocation_historicalallocationuserattributetype`
--

LOCK TABLES `allocation_historicalallocationuserattributetype` WRITE;
/*!40000 ALTER TABLE `allocation_historicalallocationuserattributetype` DISABLE KEYS */;
INSERT INTO `allocation_historicalallocationuserattributetype` VALUES (1,'2024-10-10 01:19:35.340188','2024-10-10 01:19:35.340188','FairShare',0,0,0,0,1,'2024-10-10 01:19:35.341046',NULL,'+',2,NULL),(2,'2024-10-10 01:19:35.350071','2024-10-10 01:19:35.350071','NormShares',0,0,0,0,2,'2024-10-10 01:19:35.350721',NULL,'+',2,NULL),(3,'2024-10-10 01:19:35.358701','2024-10-10 01:19:35.358701','EffectvUsage',0,0,0,0,3,'2024-10-10 01:19:35.359820',NULL,'+',2,NULL),(4,'2024-10-10 01:19:35.364422','2024-10-10 01:19:35.364422','RawUsage',0,0,0,0,4,'2024-10-10 01:19:35.364891',NULL,'+',3,NULL);
/*!40000 ALTER TABLE `allocation_historicalallocationuserattributetype` ENABLE KEYS */;
UNLOCK TABLES;

--
-- Table structure for table `auth_group`
--

DROP TABLE IF EXISTS `auth_group`;
/*!40101 SET @saved_cs_client     = @@character_set_client */;
/*!40101 SET character_set_client = utf8 */;
CREATE TABLE `auth_group` (
  `id` int(11) NOT NULL AUTO_INCREMENT,
  `name` varchar(150) NOT NULL,
  PRIMARY KEY (`id`),
  UNIQUE KEY `name` (`name`)
) ENGINE=InnoDB DEFAULT CHARSET=utf8 COLLATE=utf8_general_ci;
/*!40101 SET character_set_client = @saved_cs_client */;

--
-- Dumping data for table `auth_group`
--

LOCK TABLES `auth_group` WRITE;
/*!40000 ALTER TABLE `auth_group` DISABLE KEYS */;
/*!40000 ALTER TABLE `auth_group` ENABLE KEYS */;
UNLOCK TABLES;

--
-- Table structure for table `auth_group_permissions`
--

DROP TABLE IF EXISTS `auth_group_permissions`;
/*!40101 SET @saved_cs_client     = @@character_set_client */;
/*!40101 SET character_set_client = utf8 */;
CREATE TABLE `auth_group_permissions` (
  `id` int(11) NOT NULL AUTO_INCREMENT,
  `group_id` int(11) NOT NULL,
  `permission_id` int(11) NOT NULL,
  PRIMARY KEY (`id`),
  UNIQUE KEY `auth_group_permissions_group_id_permission_id_0cd325b0_uniq` (`group_id`,`permission_id`),
  KEY `auth_group_permissio_permission_id_84c5c92e_fk_auth_perm` (`permission_id`),
  CONSTRAINT `auth_group_permissio_permission_id_84c5c92e_fk_auth_perm` FOREIGN KEY (`permission_id`) REFERENCES `auth_permission` (`id`),
  CONSTRAINT `auth_group_permissions_group_id_b120cbf9_fk_auth_group_id` FOREIGN KEY (`group_id`) REFERENCES `auth_group` (`id`)
) ENGINE=InnoDB DEFAULT CHARSET=utf8 COLLATE=utf8_general_ci;
/*!40101 SET character_set_client = @saved_cs_client */;

--
-- Dumping data for table `auth_group_permissions`
--

LOCK TABLES `auth_group_permissions` WRITE;
/*!40000 ALTER TABLE `auth_group_permissions` DISABLE KEYS */;
/*!40000 ALTER TABLE `auth_group_permissions` ENABLE KEYS */;
UNLOCK TABLES;

--
-- Table structure for table `auth_permission`
--

DROP TABLE IF EXISTS `auth_permission`;
/*!40101 SET @saved_cs_client     = @@character_set_client */;
/*!40101 SET character_set_client = utf8 */;
CREATE TABLE `auth_permission` (
  `id` int(11) NOT NULL AUTO_INCREMENT,
  `name` varchar(255) NOT NULL,
  `content_type_id` int(11) NOT NULL,
  `codename` varchar(100) NOT NULL,
  PRIMARY KEY (`id`),
  UNIQUE KEY `auth_permission_content_type_id_codename_01ab375a_uniq` (`content_type_id`,`codename`),
  CONSTRAINT `auth_permission_content_type_id_2f476e4b_fk_django_co` FOREIGN KEY (`content_type_id`) REFERENCES `django_content_type` (`id`)
) ENGINE=InnoDB AUTO_INCREMENT=467 DEFAULT CHARSET=utf8 COLLATE=utf8_general_ci;
/*!40101 SET character_set_client = @saved_cs_client */;

--
-- Dumping data for table `auth_permission`
--

LOCK TABLES `auth_permission` WRITE;
/*!40000 ALTER TABLE `auth_permission` DISABLE KEYS */;
INSERT INTO `auth_permission` VALUES (1,'Can add ifxuser',1,'add_ifxuser'),(2,'Can change ifxuser',1,'change_ifxuser'),(3,'Can delete ifxuser',1,'delete_ifxuser'),(4,'Can view ifxuser',1,'view_ifxuser'),(5,'Can add contact',2,'add_contact'),(6,'Can change contact',2,'change_contact'),(7,'Can delete contact',2,'delete_contact'),(8,'Can view contact',2,'view_contact'),(9,'Can add organization',3,'add_organization'),(10,'Can change organization',3,'change_organization'),(11,'Can delete organization',3,'delete_organization'),(12,'Can view organization',3,'view_organization'),(13,'Can add organization contact',4,'add_organizationcontact'),(14,'Can change organization contact',4,'change_organizationcontact'),(15,'Can delete organization contact',4,'delete_organizationcontact'),(16,'Can view organization contact',4,'view_organizationcontact'),(17,'Can add org relation',5,'add_orgrelation'),(18,'Can change org relation',5,'change_orgrelation'),(19,'Can delete org relation',5,'delete_orgrelation'),(20,'Can view org relation',5,'view_orgrelation'),(21,'Can add ifx user affiliation',6,'add_ifxuseraffiliation'),(22,'Can change ifx user affiliation',6,'change_ifxuseraffiliation'),(23,'Can delete ifx user affiliation',6,'delete_ifxuseraffiliation'),(24,'Can view ifx user affiliation',6,'view_ifxuseraffiliation'),(25,'Can add user affiliation',7,'add_useraffiliation'),(26,'Can change user affiliation',7,'change_useraffiliation'),(27,'Can delete user affiliation',7,'delete_useraffiliation'),(28,'Can view user affiliation',7,'view_useraffiliation'),(29,'Can add user contact',8,'add_usercontact'),(30,'Can change user contact',8,'change_usercontact'),(31,'Can delete user contact',8,'delete_usercontact'),(32,'Can view user contact',8,'view_usercontact'),(33,'Can add user file category',9,'add_userfilecategory'),(34,'Can change user file category',9,'change_userfilecategory'),(35,'Can delete user file category',9,'delete_userfilecategory'),(36,'Can view user file category',9,'view_userfilecategory'),(37,'Can add user file',10,'add_userfile'),(38,'Can change user file',10,'change_userfile'),(39,'Can delete user file',10,'delete_userfile'),(40,'Can view user file',10,'view_userfile'),(41,'Can add log entry',11,'add_logentry'),(42,'Can change log entry',11,'change_logentry'),(43,'Can delete log entry',11,'delete_logentry'),(44,'Can view log entry',11,'view_logentry'),(45,'Can add permission',12,'add_permission'),(46,'Can change permission',12,'change_permission'),(47,'Can delete permission',12,'delete_permission'),(48,'Can view permission',12,'view_permission'),(49,'Can add group',13,'add_group'),(50,'Can change group',13,'change_group'),(51,'Can delete group',13,'delete_group'),(52,'Can view group',13,'view_group'),(53,'Can add content type',14,'add_contenttype'),(54,'Can change content type',14,'change_contenttype'),(55,'Can delete content type',14,'delete_contenttype'),(56,'Can view content type',14,'view_contenttype'),(57,'Can add session',15,'add_session'),(58,'Can change session',15,'change_session'),(59,'Can delete session',15,'delete_session'),(60,'Can view session',15,'view_session'),(61,'Can add person',16,'add_person'),(62,'Can change person',16,'change_person'),(63,'Can delete person',16,'delete_person'),(64,'Can view person',16,'view_person'),(65,'Can add Scheduled task',17,'add_schedule'),(66,'Can change Scheduled task',17,'change_schedule'),(67,'Can delete Scheduled task',17,'delete_schedule'),(68,'Can view Scheduled task',17,'view_schedule'),(69,'Can add task',18,'add_task'),(70,'Can change task',18,'change_task'),(71,'Can delete task',18,'delete_task'),(72,'Can view task',18,'view_task'),(73,'Can add Failed task',19,'add_failure'),(74,'Can change Failed task',19,'change_failure'),(75,'Can delete Failed task',19,'delete_failure'),(76,'Can view Failed task',19,'view_failure'),(77,'Can add Successful task',20,'add_success'),(78,'Can change Successful task',20,'change_success'),(79,'Can delete Successful task',20,'delete_success'),(80,'Can view Successful task',20,'view_success'),(81,'Can add Queued task',21,'add_ormq'),(82,'Can change Queued task',21,'change_ormq'),(83,'Can delete Queued task',21,'delete_ormq'),(84,'Can view Queued task',21,'view_ormq'),(85,'Can add user profile',22,'add_userprofile'),(86,'Can change user profile',22,'change_userprofile'),(87,'Can delete user profile',22,'delete_userprofile'),(88,'Can view user profile',22,'view_userprofile'),(89,'Can add field of science',23,'add_fieldofscience'),(90,'Can change field of science',23,'change_fieldofscience'),(91,'Can delete field of science',23,'delete_fieldofscience'),(92,'Can view field of science',23,'view_fieldofscience'),(93,'Can add project',24,'add_project'),(94,'Can change project',24,'change_project'),(95,'Can delete project',24,'delete_project'),(96,'Can view project',24,'view_project'),(97,'Can view all projects',24,'can_view_all_projects'),(98,'Can review pending project reviews',24,'can_review_pending_project_reviews'),(99,'Can add project review status choice',25,'add_projectreviewstatuschoice'),(100,'Can change project review status choice',25,'change_projectreviewstatuschoice'),(101,'Can delete project review status choice',25,'delete_projectreviewstatuschoice'),(102,'Can view project review status choice',25,'view_projectreviewstatuschoice'),(103,'Can add project status choice',26,'add_projectstatuschoice'),(104,'Can change project status choice',26,'change_projectstatuschoice'),(105,'Can delete project status choice',26,'delete_projectstatuschoice'),(106,'Can view project status choice',26,'view_projectstatuschoice'),(107,'Can add project user role choice',27,'add_projectuserrolechoice'),(108,'Can change project user role choice',27,'change_projectuserrolechoice'),(109,'Can delete project user role choice',27,'delete_projectuserrolechoice'),(110,'Can view project user role choice',27,'view_projectuserrolechoice'),(111,'Can add project user status choice',28,'add_projectuserstatuschoice'),(112,'Can change project user status choice',28,'change_projectuserstatuschoice'),(113,'Can delete project user status choice',28,'delete_projectuserstatuschoice'),(114,'Can view project user status choice',28,'view_projectuserstatuschoice'),(115,'Can add project user message',29,'add_projectusermessage'),(116,'Can change project user message',29,'change_projectusermessage'),(117,'Can delete project user message',29,'delete_projectusermessage'),(118,'Can view project user message',29,'view_projectusermessage'),(119,'Can add project review',30,'add_projectreview'),(120,'Can change project review',30,'change_projectreview'),(121,'Can delete project review',30,'delete_projectreview'),(122,'Can view project review',30,'view_projectreview'),(123,'Can add project admin comment',31,'add_projectadmincomment'),(124,'Can change project admin comment',31,'change_projectadmincomment'),(125,'Can delete project admin comment',31,'delete_projectadmincomment'),(126,'Can view project admin comment',31,'view_projectadmincomment'),(127,'Can add historical project user',32,'add_historicalprojectuser'),(128,'Can change historical project user',32,'change_historicalprojectuser'),(129,'Can delete historical project user',32,'delete_historicalprojectuser'),(130,'Can view historical project user',32,'view_historicalprojectuser'),(131,'Can add historical project review',33,'add_historicalprojectreview'),(132,'Can change historical project review',33,'change_historicalprojectreview'),(133,'Can delete historical project review',33,'delete_historicalprojectreview'),(134,'Can view historical project review',33,'view_historicalprojectreview'),(135,'Can add historical project',34,'add_historicalproject'),(136,'Can change historical project',34,'change_historicalproject'),(137,'Can delete historical project',34,'delete_historicalproject'),(138,'Can view historical project',34,'view_historicalproject'),(139,'Can add project user',35,'add_projectuser'),(140,'Can change project user',35,'change_projectuser'),(141,'Can delete project user',35,'delete_projectuser'),(142,'Can view project user',35,'view_projectuser'),(143,'Can add attribute type',36,'add_attributetype'),(144,'Can change attribute type',36,'change_attributetype'),(145,'Can delete attribute type',36,'delete_attributetype'),(146,'Can view attribute type',36,'view_attributetype'),(147,'Can add project attribute',37,'add_projectattribute'),(148,'Can change project attribute',37,'change_projectattribute'),(149,'Can delete project attribute',37,'delete_projectattribute'),(150,'Can view project attribute',37,'view_projectattribute'),(151,'Can add project attribute usage',38,'add_projectattributeusage'),(152,'Can change project attribute usage',38,'change_projectattributeusage'),(153,'Can delete project attribute usage',38,'delete_projectattributeusage'),(154,'Can view project attribute usage',38,'view_projectattributeusage'),(155,'Can add project attribute type',39,'add_projectattributetype'),(156,'Can change project attribute type',39,'change_projectattributetype'),(157,'Can delete project attribute type',39,'delete_projectattributetype'),(158,'Can view project attribute type',39,'view_projectattributetype'),(159,'Can add historical project attribute usage',40,'add_historicalprojectattributeusage'),(160,'Can change historical project attribute usage',40,'change_historicalprojectattributeusage'),(161,'Can delete historical project attribute usage',40,'delete_historicalprojectattributeusage'),(162,'Can view historical project attribute usage',40,'view_historicalprojectattributeusage'),(163,'Can add historical project attribute type',41,'add_historicalprojectattributetype'),(164,'Can change historical project attribute type',41,'change_historicalprojectattributetype'),(165,'Can delete historical project attribute type',41,'delete_historicalprojectattributetype'),(166,'Can view historical project attribute type',41,'view_historicalprojectattributetype'),(167,'Can add historical project attribute',42,'add_historicalprojectattribute'),(168,'Can change historical project attribute',42,'change_historicalprojectattribute'),(169,'Can delete historical project attribute',42,'delete_historicalprojectattribute'),(170,'Can view historical project attribute',42,'view_historicalprojectattribute'),(171,'Can add attribute type',43,'add_attributetype'),(172,'Can change attribute type',43,'change_attributetype'),(173,'Can delete attribute type',43,'delete_attributetype'),(174,'Can view attribute type',43,'view_attributetype'),(175,'Can add resource type',44,'add_resourcetype'),(176,'Can change resource type',44,'change_resourcetype'),(177,'Can delete resource type',44,'delete_resourcetype'),(178,'Can view resource type',44,'view_resourcetype'),(179,'Can add resource attribute type',45,'add_resourceattributetype'),(180,'Can change resource attribute type',45,'change_resourceattributetype'),(181,'Can delete resource attribute type',45,'delete_resourceattributetype'),(182,'Can view resource attribute type',45,'view_resourceattributetype'),(183,'Can add resource',46,'add_resource'),(184,'Can change resource',46,'change_resource'),(185,'Can delete resource',46,'delete_resource'),(186,'Can view resource',46,'view_resource'),(187,'Can add historical resource type',47,'add_historicalresourcetype'),(188,'Can change historical resource type',47,'change_historicalresourcetype'),(189,'Can delete historical resource type',47,'delete_historicalresourcetype'),(190,'Can view historical resource type',47,'view_historicalresourcetype'),(191,'Can add historical resource attribute type',48,'add_historicalresourceattributetype'),(192,'Can change historical resource attribute type',48,'change_historicalresourceattributetype'),(193,'Can delete historical resource attribute type',48,'delete_historicalresourceattributetype'),(194,'Can view historical resource attribute type',48,'view_historicalresourceattributetype'),(195,'Can add historical resource attribute',49,'add_historicalresourceattribute'),(196,'Can change historical resource attribute',49,'change_historicalresourceattribute'),(197,'Can delete historical resource attribute',49,'delete_historicalresourceattribute'),(198,'Can view historical resource attribute',49,'view_historicalresourceattribute'),(199,'Can add historical resource',50,'add_historicalresource'),(200,'Can change historical resource',50,'change_historicalresource'),(201,'Can delete historical resource',50,'delete_historicalresource'),(202,'Can view historical resource',50,'view_historicalresource'),(203,'Can add resource attribute',51,'add_resourceattribute'),(204,'Can change resource attribute',51,'change_resourceattribute'),(205,'Can delete resource attribute',51,'delete_resourceattribute'),(206,'Can view resource attribute',51,'view_resourceattribute'),(207,'Can add allocation',52,'add_allocation'),(208,'Can change allocation',52,'change_allocation'),(209,'Can delete allocation',52,'delete_allocation'),(210,'Can view allocation',52,'view_allocation'),(211,'Can view all allocations',52,'can_view_all_allocations'),(212,'Can review allocation requests',52,'can_review_allocation_requests'),(213,'Can manage invoice',52,'can_manage_invoice'),(214,'Can add allocation attribute',53,'add_allocationattribute'),(215,'Can change allocation attribute',53,'change_allocationattribute'),(216,'Can delete allocation attribute',53,'delete_allocationattribute'),(217,'Can view allocation attribute',53,'view_allocationattribute'),(218,'Can add allocation attribute type',54,'add_allocationattributetype'),(219,'Can change allocation attribute type',54,'change_allocationattributetype'),(220,'Can delete allocation attribute type',54,'delete_allocationattributetype'),(221,'Can view allocation attribute type',54,'view_allocationattributetype'),(222,'Can add allocation status choice',55,'add_allocationstatuschoice'),(223,'Can change allocation status choice',55,'change_allocationstatuschoice'),(224,'Can delete allocation status choice',55,'delete_allocationstatuschoice'),(225,'Can view allocation status choice',55,'view_allocationstatuschoice'),(226,'Can add allocation user status choice',56,'add_allocationuserstatuschoice'),(227,'Can change allocation user status choice',56,'change_allocationuserstatuschoice'),(228,'Can delete allocation user status choice',56,'delete_allocationuserstatuschoice'),(229,'Can view allocation user status choice',56,'view_allocationuserstatuschoice'),(230,'Can add attribute type',57,'add_attributetype'),(231,'Can change attribute type',57,'change_attributetype'),(232,'Can delete attribute type',57,'delete_attributetype'),(233,'Can view attribute type',57,'view_attributetype'),(234,'Can add allocation attribute usage',58,'add_allocationattributeusage'),(235,'Can change allocation attribute usage',58,'change_allocationattributeusage'),(236,'Can delete allocation attribute usage',58,'delete_allocationattributeusage'),(237,'Can view allocation attribute usage',58,'view_allocationattributeusage'),(238,'Can add historical allocation user',59,'add_historicalallocationuser'),(239,'Can change historical allocation user',59,'change_historicalallocationuser'),(240,'Can delete historical allocation user',59,'delete_historicalallocationuser'),(241,'Can view historical allocation user',59,'view_historicalallocationuser'),(242,'Can add historical allocation attribute usage',60,'add_historicalallocationattributeusage'),(243,'Can change historical allocation attribute usage',60,'change_historicalallocationattributeusage'),(244,'Can delete historical allocation attribute usage',60,'delete_historicalallocationattributeusage'),(245,'Can view historical allocation attribute usage',60,'view_historicalallocationattributeusage'),(246,'Can add historical allocation attribute type',61,'add_historicalallocationattributetype'),(247,'Can change historical allocation attribute type',61,'change_historicalallocationattributetype'),(248,'Can delete historical allocation attribute type',61,'delete_historicalallocationattributetype'),(249,'Can view historical allocation attribute type',61,'view_historicalallocationattributetype'),(250,'Can add historical allocation attribute',62,'add_historicalallocationattribute'),(251,'Can change historical allocation attribute',62,'change_historicalallocationattribute'),(252,'Can delete historical allocation attribute',62,'delete_historicalallocationattribute'),(253,'Can view historical allocation attribute',62,'view_historicalallocationattribute'),(254,'Can add historical allocation',63,'add_historicalallocation'),(255,'Can change historical allocation',63,'change_historicalallocation'),(256,'Can delete historical allocation',63,'delete_historicalallocation'),(257,'Can view historical allocation',63,'view_historicalallocation'),(258,'Can add allocation user note',64,'add_allocationusernote'),(259,'Can change allocation user note',64,'change_allocationusernote'),(260,'Can delete allocation user note',64,'delete_allocationusernote'),(261,'Can view allocation user note',64,'view_allocationusernote'),(262,'Can add allocation user',65,'add_allocationuser'),(263,'Can change allocation user',65,'change_allocationuser'),(264,'Can delete allocation user',65,'delete_allocationuser'),(265,'Can view allocation user',65,'view_allocationuser'),(266,'Can add allocation admin note',66,'add_allocationadminnote'),(267,'Can change allocation admin note',66,'change_allocationadminnote'),(268,'Can delete allocation admin note',66,'delete_allocationadminnote'),(269,'Can view allocation admin note',66,'view_allocationadminnote'),(270,'Can add allocation change request',67,'add_allocationchangerequest'),(271,'Can change allocation change request',67,'change_allocationchangerequest'),(272,'Can delete allocation change request',67,'delete_allocationchangerequest'),(273,'Can view allocation change request',67,'view_allocationchangerequest'),(274,'Can add allocation change status choice',68,'add_allocationchangestatuschoice'),(275,'Can change allocation change status choice',68,'change_allocationchangestatuschoice'),(276,'Can delete allocation change status choice',68,'delete_allocationchangestatuschoice'),(277,'Can view allocation change status choice',68,'view_allocationchangestatuschoice'),(278,'Can add historical allocation change request',69,'add_historicalallocationchangerequest'),(279,'Can change historical allocation change request',69,'change_historicalallocationchangerequest'),(280,'Can delete historical allocation change request',69,'delete_historicalallocationchangerequest'),(281,'Can view historical allocation change request',69,'view_historicalallocationchangerequest'),(282,'Can add historical allocation attribute change request',70,'add_historicalallocationattributechangerequest'),(283,'Can change historical allocation attribute change request',70,'change_historicalallocationattributechangerequest'),(284,'Can delete historical allocation attribute change request',70,'delete_historicalallocationattributechangerequest'),(285,'Can view historical allocation attribute change request',70,'view_historicalallocationattributechangerequest'),(286,'Can add allocation attribute change request',71,'add_allocationattributechangerequest'),(287,'Can change allocation attribute change request',71,'change_allocationattributechangerequest'),(288,'Can delete allocation attribute change request',71,'delete_allocationattributechangerequest'),(289,'Can view allocation attribute change request',71,'view_allocationattributechangerequest'),(290,'Can add allocation account',72,'add_allocationaccount'),(291,'Can change allocation account',72,'change_allocationaccount'),(292,'Can delete allocation account',72,'delete_allocationaccount'),(293,'Can view allocation account',72,'view_allocationaccount'),(294,'Can add allocation user attribute type',73,'add_allocationuserattributetype'),(295,'Can change allocation user attribute type',73,'change_allocationuserattributetype'),(296,'Can delete allocation user attribute type',73,'delete_allocationuserattributetype'),(297,'Can view allocation user attribute type',73,'view_allocationuserattributetype'),(298,'Can add historical allocation user attribute type',74,'add_historicalallocationuserattributetype'),(299,'Can change historical allocation user attribute type',74,'change_historicalallocationuserattributetype'),(300,'Can delete historical allocation user attribute type',74,'delete_historicalallocationuserattributetype'),(301,'Can view historical allocation user attribute type',74,'view_historicalallocationuserattributetype'),(302,'Can add historical allocation user attribute',75,'add_historicalallocationuserattribute'),(303,'Can change historical allocation user attribute',75,'change_historicalallocationuserattribute'),(304,'Can delete historical allocation user attribute',75,'delete_historicalallocationuserattribute'),(305,'Can view historical allocation user attribute',75,'view_historicalallocationuserattribute'),(306,'Can add allocation user attribute',76,'add_allocationuserattribute'),(307,'Can change allocation user attribute',76,'change_allocationuserattribute'),(308,'Can delete allocation user attribute',76,'delete_allocationuserattribute'),(309,'Can view allocation user attribute',76,'view_allocationuserattribute'),(310,'Can add grant funding agency',77,'add_grantfundingagency'),(311,'Can change grant funding agency',77,'change_grantfundingagency'),(312,'Can delete grant funding agency',77,'delete_grantfundingagency'),(313,'Can view grant funding agency',77,'view_grantfundingagency'),(314,'Can add grant status choice',78,'add_grantstatuschoice'),(315,'Can change grant status choice',78,'change_grantstatuschoice'),(316,'Can delete grant status choice',78,'delete_grantstatuschoice'),(317,'Can view grant status choice',78,'view_grantstatuschoice'),(318,'Can add historical grant',79,'add_historicalgrant'),(319,'Can change historical grant',79,'change_historicalgrant'),(320,'Can delete historical grant',79,'delete_historicalgrant'),(321,'Can view historical grant',79,'view_historicalgrant'),(322,'Can add grant',80,'add_grant'),(323,'Can change grant',80,'change_grant'),(324,'Can delete grant',80,'delete_grant'),(325,'Can view grant',80,'view_grant'),(326,'Can view all grants',80,'can_view_all_grants'),(327,'Can add department admin note',81,'add_departmentadminnote'),(328,'Can change department admin note',81,'change_departmentadminnote'),(329,'Can delete department admin note',81,'delete_departmentadminnote'),(330,'Can view department admin note',81,'view_departmentadminnote'),(331,'Can add department user note',82,'add_departmentusernote'),(332,'Can change department user note',82,'change_departmentusernote'),(333,'Can delete department user note',82,'delete_departmentusernote'),(334,'Can view department user note',82,'view_departmentusernote'),(335,'Can add department',83,'add_department'),(336,'Can change department',83,'change_department'),(337,'Can delete department',83,'delete_department'),(338,'Can view department',83,'view_department'),(339,'Can add department member',84,'add_departmentmember'),(340,'Can change department member',84,'change_departmentmember'),(341,'Can delete department member',84,'delete_departmentmember'),(342,'Can view department member',84,'view_departmentmember'),(343,'Can add department project',85,'add_departmentproject'),(344,'Can change department project',85,'change_departmentproject'),(345,'Can delete department project',85,'delete_departmentproject'),(346,'Can view department project',85,'view_departmentproject'),(347,'Can add historical department member',86,'add_historicaldepartmentmember'),(348,'Can change historical department member',86,'change_historicaldepartmentmember'),(349,'Can delete historical department member',86,'delete_historicaldepartmentmember'),(350,'Can view historical department member',86,'view_historicaldepartmentmember'),(351,'Can add historical department',87,'add_historicaldepartment'),(352,'Can change historical department',87,'change_historicaldepartment'),(353,'Can delete historical department',87,'delete_historicaldepartment'),(354,'Can view historical department',87,'view_historicaldepartment'),(355,'Can add publication source',88,'add_publicationsource'),(356,'Can change publication source',88,'change_publicationsource'),(357,'Can delete publication source',88,'delete_publicationsource'),(358,'Can view publication source',88,'view_publicationsource'),(359,'Can add historical publication',89,'add_historicalpublication'),(360,'Can change historical publication',89,'change_historicalpublication'),(361,'Can delete historical publication',89,'delete_historicalpublication'),(362,'Can view historical publication',89,'view_historicalpublication'),(363,'Can add publication',90,'add_publication'),(364,'Can change publication',90,'change_publication'),(365,'Can delete publication',90,'delete_publication'),(366,'Can view publication',90,'view_publication'),(367,'Can add research output',91,'add_researchoutput'),(368,'Can change research output',91,'change_researchoutput'),(369,'Can delete research output',91,'delete_researchoutput'),(370,'Can view research output',91,'view_researchoutput'),(371,'Can add historical research output',92,'add_historicalresearchoutput'),(372,'Can change historical research output',92,'change_historicalresearchoutput'),(373,'Can delete historical research output',92,'delete_historicalresearchoutput'),(374,'Can view historical research output',92,'view_historicalresearchoutput'),(375,'Can add product resource',93,'add_productresource'),(376,'Can change product resource',93,'change_productresource'),(377,'Can delete product resource',93,'delete_productresource'),(378,'Can view product resource',93,'view_productresource'),(379,'Can add allocation user product usage',94,'add_allocationuserproductusage'),(380,'Can change allocation user product usage',94,'change_allocationuserproductusage'),(381,'Can delete allocation user product usage',94,'delete_allocationuserproductusage'),(382,'Can view allocation user product usage',94,'view_allocationuserproductusage'),(383,'Can add su user',95,'add_suuser'),(384,'Can change su user',95,'change_suuser'),(385,'Can delete su user',95,'delete_suuser'),(386,'Can view su user',95,'view_suuser'),(387,'Can add project organization',96,'add_projectorganization'),(388,'Can change project organization',96,'change_projectorganization'),(389,'Can delete project organization',96,'delete_projectorganization'),(390,'Can view project organization',96,'view_projectorganization'),(391,'Can add account',97,'add_account'),(392,'Can change account',97,'change_account'),(393,'Can delete account',97,'delete_account'),(394,'Can view account',97,'view_account'),(395,'Can add billing record',98,'add_billingrecord'),(396,'Can change billing record',98,'change_billingrecord'),(397,'Can delete billing record',98,'delete_billingrecord'),(398,'Can view billing record',98,'view_billingrecord'),(399,'Can add facility',99,'add_facility'),(400,'Can change facility',99,'change_facility'),(401,'Can delete facility',99,'delete_facility'),(402,'Can view facility',99,'view_facility'),(403,'Can add product',100,'add_product'),(404,'Can change product',100,'change_product'),(405,'Can delete product',100,'delete_product'),(406,'Can view product',100,'view_product'),(407,'Can add product usage',101,'add_productusage'),(408,'Can change product usage',101,'change_productusage'),(409,'Can delete product usage',101,'delete_productusage'),(410,'Can view product usage',101,'view_productusage'),(411,'Can add account user',102,'add_accountuser'),(412,'Can change account user',102,'change_accountuser'),(413,'Can delete account user',102,'delete_accountuser'),(414,'Can view account user',102,'view_accountuser'),(415,'Can add user product account',103,'add_userproductaccount'),(416,'Can change user product account',103,'change_userproductaccount'),(417,'Can delete user product account',103,'delete_userproductaccount'),(418,'Can view user product account',103,'view_userproductaccount'),(419,'Can add transaction',104,'add_transaction'),(420,'Can change transaction',104,'change_transaction'),(421,'Can delete transaction',104,'delete_transaction'),(422,'Can view transaction',104,'view_transaction'),(423,'Can add rate',105,'add_rate'),(424,'Can change rate',105,'change_rate'),(425,'Can delete rate',105,'delete_rate'),(426,'Can view rate',105,'view_rate'),(427,'Can add product usage processing',106,'add_productusageprocessing'),(428,'Can change product usage processing',106,'change_productusageprocessing'),(429,'Can delete product usage processing',106,'delete_productusageprocessing'),(430,'Can view product usage processing',106,'view_productusageprocessing'),(431,'Can add billing record state',107,'add_billingrecordstate'),(432,'Can change billing record state',107,'change_billingrecordstate'),(433,'Can delete billing record state',107,'delete_billingrecordstate'),(434,'Can view billing record state',107,'view_billingrecordstate'),(435,'Can add user account',108,'add_useraccount'),(436,'Can change user account',108,'change_useraccount'),(437,'Can delete user account',108,'delete_useraccount'),(438,'Can view user account',108,'view_useraccount'),(439,'Can add organization rate',109,'add_organizationrate'),(440,'Can change organization rate',109,'change_organizationrate'),(441,'Can delete organization rate',109,'delete_organizationrate'),(442,'Can view organization rate',109,'view_organizationrate'),(443,'Can add facility codes',110,'add_facilitycodes'),(444,'Can change facility codes',110,'change_facilitycodes'),(445,'Can delete facility codes',110,'delete_facilitycodes'),(446,'Can view facility codes',110,'view_facilitycodes'),(447,'Can add Token',111,'add_token'),(448,'Can change Token',111,'change_token'),(449,'Can delete Token',111,'delete_token'),(450,'Can view Token',111,'view_token'),(451,'Can add Token',112,'add_tokenproxy'),(452,'Can change Token',112,'change_tokenproxy'),(453,'Can delete Token',112,'delete_tokenproxy'),(454,'Can view Token',112,'view_tokenproxy'),(455,'Can add report',113,'add_report'),(456,'Can change report',113,'change_report'),(457,'Can delete report',113,'delete_report'),(458,'Can view report',113,'view_report'),(459,'Can add report run',114,'add_reportrun'),(460,'Can change report run',114,'change_reportrun'),(461,'Can delete report run',114,'delete_reportrun'),(462,'Can view report run',114,'view_reportrun'),(463,'Can add test data',115,'add_testdata'),(464,'Can change test data',115,'change_testdata'),(465,'Can delete test data',115,'delete_testdata'),(466,'Can view test data',115,'view_testdata');
/*!40000 ALTER TABLE `auth_permission` ENABLE KEYS */;
UNLOCK TABLES;

--
-- Table structure for table `authtoken_token`
--

DROP TABLE IF EXISTS `authtoken_token`;
/*!40101 SET @saved_cs_client     = @@character_set_client */;
/*!40101 SET character_set_client = utf8 */;
CREATE TABLE `authtoken_token` (
  `key` varchar(40) NOT NULL,
  `created` datetime(6) NOT NULL,
  `user_id` int(11) NOT NULL,
  PRIMARY KEY (`key`),
  UNIQUE KEY `user_id` (`user_id`),
  CONSTRAINT `authtoken_token_user_id_35299eff_fk` FOREIGN KEY (`user_id`) REFERENCES `ifxuser` (`id`)
) ENGINE=InnoDB DEFAULT CHARSET=utf8 COLLATE=utf8_general_ci;
/*!40101 SET character_set_client = @saved_cs_client */;

--
-- Dumping data for table `authtoken_token`
--

LOCK TABLES `authtoken_token` WRITE;
/*!40000 ALTER TABLE `authtoken_token` DISABLE KEYS */;
/*!40000 ALTER TABLE `authtoken_token` ENABLE KEYS */;
UNLOCK TABLES;

--
-- Table structure for table `billing_record`
--

DROP TABLE IF EXISTS `billing_record`;
/*!40101 SET @saved_cs_client     = @@character_set_client */;
/*!40101 SET character_set_client = utf8 */;
CREATE TABLE `billing_record` (
  `id` int(11) NOT NULL AUTO_INCREMENT,
  `charge` int(11) NOT NULL,
  `percent` int(11) NOT NULL,
  `description` varchar(1000) DEFAULT NULL,
  `year` int(11) NOT NULL,
  `month` int(11) NOT NULL,
  `current_state` varchar(100) DEFAULT NULL,
  `rate` varchar(100) DEFAULT NULL,
  `created` datetime(6) NOT NULL,
  `updated` datetime(6) NOT NULL,
  `account_id` int(11) NOT NULL,
  `author_id` int(11) DEFAULT NULL,
  `product_usage_id` int(11) DEFAULT NULL,
  `updated_by_id` int(11) DEFAULT NULL,
  `decimal_charge` decimal(19,4) DEFAULT NULL,
  `product_usage_link_text` varchar(50) DEFAULT NULL,
  `product_usage_url` varchar(255) DEFAULT NULL,
  `decimal_quantity` decimal(19,4) DEFAULT NULL,
  `rate_obj_id` int(11) DEFAULT NULL,
  `end_date` datetime(6) DEFAULT NULL,
  `start_date` datetime(6) DEFAULT NULL,
  PRIMARY KEY (`id`),
  KEY `billing_record_account_id_9f82ad74_fk` (`account_id`),
  KEY `billing_record_product_usage_id_2236b4b2_fk` (`product_usage_id`),
  KEY `billing_record_rate_obj_id_5780bfb0_fk` (`rate_obj_id`),
  KEY `billing_record_author_id_e648603c_fk` (`author_id`),
  KEY `billing_record_updated_by_id_8762479c_fk` (`updated_by_id`),
  CONSTRAINT `billing_record_account_id_9f82ad74_fk` FOREIGN KEY (`account_id`) REFERENCES `account` (`id`),
  CONSTRAINT `billing_record_author_id_e648603c_fk` FOREIGN KEY (`author_id`) REFERENCES `ifxuser` (`id`),
  CONSTRAINT `billing_record_product_usage_id_2236b4b2_fk` FOREIGN KEY (`product_usage_id`) REFERENCES `product_usage` (`id`),
  CONSTRAINT `billing_record_rate_obj_id_5780bfb0_fk` FOREIGN KEY (`rate_obj_id`) REFERENCES `rate` (`id`),
  CONSTRAINT `billing_record_updated_by_id_8762479c_fk` FOREIGN KEY (`updated_by_id`) REFERENCES `ifxuser` (`id`)
) ENGINE=InnoDB DEFAULT CHARSET=utf8 COLLATE=utf8_general_ci;
/*!40101 SET character_set_client = @saved_cs_client */;

--
-- Dumping data for table `billing_record`
--

LOCK TABLES `billing_record` WRITE;
/*!40000 ALTER TABLE `billing_record` DISABLE KEYS */;
/*!40000 ALTER TABLE `billing_record` ENABLE KEYS */;
UNLOCK TABLES;

--
-- Table structure for table `billing_record_state`
--

DROP TABLE IF EXISTS `billing_record_state`;
/*!40101 SET @saved_cs_client     = @@character_set_client */;
/*!40101 SET character_set_client = utf8 */;
CREATE TABLE `billing_record_state` (
  `id` int(11) NOT NULL AUTO_INCREMENT,
  `name` varchar(100) NOT NULL,
  `comment` varchar(1000) DEFAULT NULL,
  `created` datetime(6) NOT NULL,
  `updated` datetime(6) NOT NULL,
  `billing_record_id` int(11) NOT NULL,
  `user_id` int(11) NOT NULL,
  PRIMARY KEY (`id`),
  KEY `billing_record_state_billing_record_id_8d2a5adb_fk` (`billing_record_id`),
  KEY `billing_record_state_user_id_b80d11da_fk` (`user_id`),
  CONSTRAINT `billing_record_state_billing_record_id_8d2a5adb_fk` FOREIGN KEY (`billing_record_id`) REFERENCES `billing_record` (`id`),
  CONSTRAINT `billing_record_state_user_id_b80d11da_fk` FOREIGN KEY (`user_id`) REFERENCES `ifxuser` (`id`)
) ENGINE=InnoDB DEFAULT CHARSET=utf8 COLLATE=utf8_general_ci;
/*!40101 SET character_set_client = @saved_cs_client */;

--
-- Dumping data for table `billing_record_state`
--

LOCK TABLES `billing_record_state` WRITE;
/*!40000 ALTER TABLE `billing_record_state` DISABLE KEYS */;
/*!40000 ALTER TABLE `billing_record_state` ENABLE KEYS */;
UNLOCK TABLES;

--
-- Table structure for table `billing_record_state_approvers`
--

DROP TABLE IF EXISTS `billing_record_state_approvers`;
/*!40101 SET @saved_cs_client     = @@character_set_client */;
/*!40101 SET character_set_client = utf8 */;
CREATE TABLE `billing_record_state_approvers` (
  `id` int(11) NOT NULL AUTO_INCREMENT,
  `billingrecordstate_id` int(11) NOT NULL,
  `ifxuser_id` int(11) NOT NULL,
  PRIMARY KEY (`id`),
  UNIQUE KEY `billing_record_state_app_billingrecordstate_id_if_246f9f29_uniq` (`billingrecordstate_id`,`ifxuser_id`),
  KEY `billing_record_state_approvers_ifxuser_id_96ca42d2_fk` (`ifxuser_id`),
  CONSTRAINT `billing_record_state_approvers_billingrecordstate_id_a67cb1c2_fk` FOREIGN KEY (`billingrecordstate_id`) REFERENCES `billing_record_state` (`id`),
  CONSTRAINT `billing_record_state_approvers_ifxuser_id_96ca42d2_fk` FOREIGN KEY (`ifxuser_id`) REFERENCES `ifxuser` (`id`)
) ENGINE=InnoDB DEFAULT CHARSET=utf8 COLLATE=utf8_general_ci;
/*!40101 SET character_set_client = @saved_cs_client */;

--
-- Dumping data for table `billing_record_state_approvers`
--

LOCK TABLES `billing_record_state_approvers` WRITE;
/*!40000 ALTER TABLE `billing_record_state_approvers` DISABLE KEYS */;
/*!40000 ALTER TABLE `billing_record_state_approvers` ENABLE KEYS */;
UNLOCK TABLES;

--
-- Table structure for table `department_departmentadminnote`
--

DROP TABLE IF EXISTS `department_departmentadminnote`;
/*!40101 SET @saved_cs_client     = @@character_set_client */;
/*!40101 SET character_set_client = utf8 */;
CREATE TABLE `department_departmentadminnote` (
  `id` int(11) NOT NULL AUTO_INCREMENT,
  `created` datetime(6) NOT NULL,
  `modified` datetime(6) NOT NULL,
  `note` longtext NOT NULL,
  `author_id` int(11) NOT NULL,
  `department_id` int(11) NOT NULL,
  PRIMARY KEY (`id`),
  KEY `department_departmentadminnote_author_id_ef63984e_fk` (`author_id`),
  KEY `department_departmentadminnote_department_id_969b3f5f_fk` (`department_id`),
  CONSTRAINT `department_departmentadminnote_author_id_ef63984e_fk` FOREIGN KEY (`author_id`) REFERENCES `ifxuser` (`id`),
  CONSTRAINT `department_departmentadminnote_department_id_969b3f5f_fk` FOREIGN KEY (`department_id`) REFERENCES `nanites_organization` (`id`)
) ENGINE=InnoDB DEFAULT CHARSET=utf8 COLLATE=utf8_general_ci;
/*!40101 SET character_set_client = @saved_cs_client */;

--
-- Dumping data for table `department_departmentadminnote`
--

LOCK TABLES `department_departmentadminnote` WRITE;
/*!40000 ALTER TABLE `department_departmentadminnote` DISABLE KEYS */;
/*!40000 ALTER TABLE `department_departmentadminnote` ENABLE KEYS */;
UNLOCK TABLES;

--
-- Table structure for table `department_departmentusernote`
--

DROP TABLE IF EXISTS `department_departmentusernote`;
/*!40101 SET @saved_cs_client     = @@character_set_client */;
/*!40101 SET character_set_client = utf8 */;
CREATE TABLE `department_departmentusernote` (
  `id` int(11) NOT NULL AUTO_INCREMENT,
  `created` datetime(6) NOT NULL,
  `modified` datetime(6) NOT NULL,
  `is_private` tinyint(1) NOT NULL,
  `note` longtext NOT NULL,
  `author_id` int(11) NOT NULL,
  `department_id` int(11) NOT NULL,
  PRIMARY KEY (`id`),
  KEY `department_departmentusernote_author_id_40d15140_fk` (`author_id`),
  KEY `department_departmentusernote_department_id_0c752c91_fk` (`department_id`),
  CONSTRAINT `department_departmentusernote_author_id_40d15140_fk` FOREIGN KEY (`author_id`) REFERENCES `ifxuser` (`id`),
  CONSTRAINT `department_departmentusernote_department_id_0c752c91_fk` FOREIGN KEY (`department_id`) REFERENCES `nanites_organization` (`id`)
) ENGINE=InnoDB DEFAULT CHARSET=utf8 COLLATE=utf8_general_ci;
/*!40101 SET character_set_client = @saved_cs_client */;

--
-- Dumping data for table `department_departmentusernote`
--

LOCK TABLES `department_departmentusernote` WRITE;
/*!40000 ALTER TABLE `department_departmentusernote` DISABLE KEYS */;
/*!40000 ALTER TABLE `department_departmentusernote` ENABLE KEYS */;
UNLOCK TABLES;

--
-- Table structure for table `department_historicaldepartment`
--

DROP TABLE IF EXISTS `department_historicaldepartment`;
/*!40101 SET @saved_cs_client     = @@character_set_client */;
/*!40101 SET character_set_client = utf8 */;
CREATE TABLE `department_historicaldepartment` (
  `id` int(11) NOT NULL,
  `ifxorg` varchar(16) DEFAULT NULL,
  `name` varchar(100) NOT NULL,
  `rank` varchar(50) NOT NULL,
  `org_tree` varchar(50) NOT NULL,
  `slug` varchar(255) DEFAULT NULL,
  `code` varchar(30) DEFAULT NULL,
  `application_key` varchar(100) DEFAULT NULL,
  `history_id` int(11) NOT NULL AUTO_INCREMENT,
  `history_date` datetime(6) NOT NULL,
  `history_change_reason` varchar(100) DEFAULT NULL,
  `history_type` varchar(1) NOT NULL,
  `history_user_id` int(11) DEFAULT NULL,
  PRIMARY KEY (`history_id`),
  KEY `department_historicaldepartment_id_08671c9f` (`id`),
  KEY `department_historicaldepartment_ifxorg_c95169c0` (`ifxorg`),
  KEY `department_historicaldepartment_history_date_082c0408` (`history_date`),
  KEY `department_historicaldepartment_history_user_id_35e794e2_fk` (`history_user_id`),
  CONSTRAINT `department_historicaldepartment_history_user_id_35e794e2_fk` FOREIGN KEY (`history_user_id`) REFERENCES `ifxuser` (`id`)
) ENGINE=InnoDB DEFAULT CHARSET=utf8 COLLATE=utf8_general_ci;
/*!40101 SET character_set_client = @saved_cs_client */;

--
-- Dumping data for table `department_historicaldepartment`
--

LOCK TABLES `department_historicaldepartment` WRITE;
/*!40000 ALTER TABLE `department_historicaldepartment` DISABLE KEYS */;
/*!40000 ALTER TABLE `department_historicaldepartment` ENABLE KEYS */;
UNLOCK TABLES;

--
-- Table structure for table `department_historicaldepartmentmember`
--

DROP TABLE IF EXISTS `department_historicaldepartmentmember`;
/*!40101 SET @saved_cs_client     = @@character_set_client */;
/*!40101 SET character_set_client = utf8 */;
CREATE TABLE `department_historicaldepartmentmember` (
  `id` int(11) NOT NULL,
  `role` varchar(50) NOT NULL,
  `active` tinyint(1) NOT NULL,
  `history_id` int(11) NOT NULL AUTO_INCREMENT,
  `history_date` datetime(6) NOT NULL,
  `history_change_reason` varchar(100) DEFAULT NULL,
  `history_type` varchar(1) NOT NULL,
  `history_user_id` int(11) DEFAULT NULL,
  `organization_id` int(11) DEFAULT NULL,
  `user_id` int(11) DEFAULT NULL,
  PRIMARY KEY (`history_id`),
  KEY `department_historicaldepartmentmember_id_3bafc1ab` (`id`),
  KEY `department_historicaldepartmentmember_history_date_59dfd277` (`history_date`),
  KEY `department_historicaldepartmentmember_organization_id_cdfd8281` (`organization_id`),
  KEY `department_historicaldepartmentmember_user_id_66a808b6` (`user_id`),
  KEY `department_historicaldepa_history_user_id_b348de9f_fk` (`history_user_id`),
  CONSTRAINT `department_historicaldepa_history_user_id_b348de9f_fk` FOREIGN KEY (`history_user_id`) REFERENCES `ifxuser` (`id`)
) ENGINE=InnoDB DEFAULT CHARSET=utf8 COLLATE=utf8_general_ci;
/*!40101 SET character_set_client = @saved_cs_client */;

--
-- Dumping data for table `department_historicaldepartmentmember`
--

LOCK TABLES `department_historicaldepartmentmember` WRITE;
/*!40000 ALTER TABLE `department_historicaldepartmentmember` DISABLE KEYS */;
/*!40000 ALTER TABLE `department_historicaldepartmentmember` ENABLE KEYS */;
UNLOCK TABLES;

--
-- Table structure for table `django_admin_log`
--

DROP TABLE IF EXISTS `django_admin_log`;
/*!40101 SET @saved_cs_client     = @@character_set_client */;
/*!40101 SET character_set_client = utf8 */;
CREATE TABLE `django_admin_log` (
  `id` int(11) NOT NULL AUTO_INCREMENT,
  `action_time` datetime(6) NOT NULL,
  `object_id` longtext DEFAULT NULL,
  `object_repr` varchar(200) NOT NULL,
  `action_flag` smallint(5) unsigned NOT NULL CHECK (`action_flag` >= 0),
  `change_message` longtext NOT NULL,
  `content_type_id` int(11) DEFAULT NULL,
  `user_id` int(11) NOT NULL,
  PRIMARY KEY (`id`),
  KEY `django_admin_log_content_type_id_c4bce8eb_fk_django_co` (`content_type_id`),
  KEY `django_admin_log_user_id_c564eba6_fk` (`user_id`),
  CONSTRAINT `django_admin_log_content_type_id_c4bce8eb_fk_django_co` FOREIGN KEY (`content_type_id`) REFERENCES `django_content_type` (`id`),
  CONSTRAINT `django_admin_log_user_id_c564eba6_fk` FOREIGN KEY (`user_id`) REFERENCES `ifxuser` (`id`)
) ENGINE=InnoDB AUTO_INCREMENT=7 DEFAULT CHARSET=utf8 COLLATE=utf8_general_ci;
/*!40101 SET character_set_client = @saved_cs_client */;

--
-- Dumping data for table `django_admin_log`
--

LOCK TABLES `django_admin_log` WRITE;
/*!40000 ALTER TABLE `django_admin_log` DISABLE KEYS */;
INSERT INTO `django_admin_log` VALUES (1,'2024-10-10 23:57:46.643520','7','hpc (Storage Tier)',1,'[{\"added\": {}}]',46,1),(2,'2024-10-11 00:00:20.333867','1','Research Computing Storage',1,'[{\"added\": {}}]',99,1),(3,'2024-10-11 00:08:35.632474','1','hpc (IFXP0000000100)',1,'[{\"added\": {}}, {\"added\": {\"name\": \"rate\", \"object\": \"Active rate Shared of $0.02 per CPU Hours\"}}]',100,1),(4,'2024-10-11 00:30:15.972459','11','Node Count',2,'[{\"changed\": {\"fields\": [\"Attribute type\", \"Name\"]}}]',45,1),(5,'2024-10-11 00:30:43.906805','7','hpc (Cluster)',2,'[{\"added\": {\"name\": \"resource attribute\", \"object\": \"xdmod_resource: hpc (hpc (Cluster))\"}}]',46,1),(6,'2024-10-11 00:30:57.054560','7','hpc (Cluster)',2,'[{\"added\": {\"name\": \"resource attribute\", \"object\": \"slurm_cluster: hpc (hpc (Cluster))\"}}]',46,1);
/*!40000 ALTER TABLE `django_admin_log` ENABLE KEYS */;
UNLOCK TABLES;

--
-- Table structure for table `django_content_type`
--

DROP TABLE IF EXISTS `django_content_type`;
/*!40101 SET @saved_cs_client     = @@character_set_client */;
/*!40101 SET character_set_client = utf8 */;
CREATE TABLE `django_content_type` (
  `id` int(11) NOT NULL AUTO_INCREMENT,
  `app_label` varchar(100) NOT NULL,
  `model` varchar(100) NOT NULL,
  PRIMARY KEY (`id`),
  UNIQUE KEY `django_content_type_app_label_model_76bd3d3b_uniq` (`app_label`,`model`)
) ENGINE=InnoDB AUTO_INCREMENT=116 DEFAULT CHARSET=utf8 COLLATE=utf8_general_ci;
/*!40101 SET character_set_client = @saved_cs_client */;

--
-- Dumping data for table `django_content_type`
--

LOCK TABLES `django_content_type` WRITE;
/*!40000 ALTER TABLE `django_content_type` DISABLE KEYS */;
INSERT INTO `django_content_type` VALUES (11,'admin','logentry'),(52,'allocation','allocation'),(72,'allocation','allocationaccount'),(66,'allocation','allocationadminnote'),(53,'allocation','allocationattribute'),(71,'allocation','allocationattributechangerequest'),(54,'allocation','allocationattributetype'),(58,'allocation','allocationattributeusage'),(67,'allocation','allocationchangerequest'),(68,'allocation','allocationchangestatuschoice'),(55,'allocation','allocationstatuschoice'),(65,'allocation','allocationuser'),(76,'allocation','allocationuserattribute'),(73,'allocation','allocationuserattributetype'),(64,'allocation','allocationusernote'),(56,'allocation','allocationuserstatuschoice'),(57,'allocation','attributetype'),(63,'allocation','historicalallocation'),(62,'allocation','historicalallocationattribute'),(70,'allocation','historicalallocationattributechangerequest'),(61,'allocation','historicalallocationattributetype'),(60,'allocation','historicalallocationattributeusage'),(69,'allocation','historicalallocationchangerequest'),(59,'allocation','historicalallocationuser'),(75,'allocation','historicalallocationuserattribute'),(74,'allocation','historicalallocationuserattributetype'),(13,'auth','group'),(12,'auth','permission'),(111,'authtoken','token'),(112,'authtoken','tokenproxy'),(14,'contenttypes','contenttype'),(83,'department','department'),(81,'department','departmentadminnote'),(84,'department','departmentmember'),(85,'department','departmentproject'),(82,'department','departmentusernote'),(87,'department','historicaldepartment'),(86,'department','historicaldepartmentmember'),(19,'django_q','failure'),(21,'django_q','ormq'),(17,'django_q','schedule'),(20,'django_q','success'),(18,'django_q','task'),(23,'field_of_science','fieldofscience'),(80,'grant','grant'),(77,'grant','grantfundingagency'),(78,'grant','grantstatuschoice'),(79,'grant','historicalgrant'),(94,'ifx','allocationuserproductusage'),(93,'ifx','productresource'),(96,'ifx','projectorganization'),(95,'ifx','suuser'),(97,'ifxbilling','account'),(102,'ifxbilling','accountuser'),(98,'ifxbilling','billingrecord'),(107,'ifxbilling','billingrecordstate'),(99,'ifxbilling','facility'),(110,'ifxbilling','facilitycodes'),(109,'ifxbilling','organizationrate'),(100,'ifxbilling','product'),(101,'ifxbilling','productusage'),(106,'ifxbilling','productusageprocessing'),(105,'ifxbilling','rate'),(104,'ifxbilling','transaction'),(108,'ifxbilling','useraccount'),(103,'ifxbilling','userproductaccount'),(113,'ifxreport','report'),(114,'ifxreport','reportrun'),(115,'ifxreport','testdata'),(2,'ifxuser','contact'),(1,'ifxuser','ifxuser'),(6,'ifxuser','ifxuseraffiliation'),(3,'ifxuser','organization'),(4,'ifxuser','organizationcontact'),(5,'ifxuser','orgrelation'),(7,'ifxuser','useraffiliation'),(8,'ifxuser','usercontact'),(10,'ifxuser','userfile'),(9,'ifxuser','userfilecategory'),(36,'project','attributetype'),(34,'project','historicalproject'),(42,'project','historicalprojectattribute'),(41,'project','historicalprojectattributetype'),(40,'project','historicalprojectattributeusage'),(33,'project','historicalprojectreview'),(32,'project','historicalprojectuser'),(24,'project','project'),(31,'project','projectadmincomment'),(37,'project','projectattribute'),(39,'project','projectattributetype'),(38,'project','projectattributeusage'),(30,'project','projectreview'),(25,'project','projectreviewstatuschoice'),(26,'project','projectstatuschoice'),(35,'project','projectuser'),(29,'project','projectusermessage'),(27,'project','projectuserrolechoice'),(28,'project','projectuserstatuschoice'),(89,'publication','historicalpublication'),(90,'publication','publication'),(88,'publication','publicationsource'),(92,'research_output','historicalresearchoutput'),(91,'research_output','researchoutput'),(43,'resource','attributetype'),(50,'resource','historicalresource'),(49,'resource','historicalresourceattribute'),(48,'resource','historicalresourceattributetype'),(47,'resource','historicalresourcetype'),(46,'resource','resource'),(51,'resource','resourceattribute'),(45,'resource','resourceattributetype'),(44,'resource','resourcetype'),(15,'sessions','session'),(16,'table','person'),(22,'user','userprofile');
/*!40000 ALTER TABLE `django_content_type` ENABLE KEYS */;
UNLOCK TABLES;

--
-- Table structure for table `django_migrations`
--

DROP TABLE IF EXISTS `django_migrations`;
/*!40101 SET @saved_cs_client     = @@character_set_client */;
/*!40101 SET character_set_client = utf8 */;
CREATE TABLE `django_migrations` (
  `id` int(11) NOT NULL AUTO_INCREMENT,
  `app` varchar(255) NOT NULL,
  `name` varchar(255) NOT NULL,
  `applied` datetime(6) NOT NULL,
  PRIMARY KEY (`id`)
) ENGINE=InnoDB AUTO_INCREMENT=146 DEFAULT CHARSET=utf8 COLLATE=utf8_general_ci;
/*!40101 SET character_set_client = @saved_cs_client */;

--
-- Dumping data for table `django_migrations`
--

LOCK TABLES `django_migrations` WRITE;
/*!40000 ALTER TABLE `django_migrations` DISABLE KEYS */;
INSERT INTO `django_migrations` VALUES (1,'contenttypes','0001_initial','2024-10-10 00:19:32.103593'),(2,'contenttypes','0002_remove_content_type_name','2024-10-10 00:19:32.154477'),(3,'auth','0001_initial','2024-10-10 00:19:32.430806'),(4,'auth','0002_alter_permission_name_max_length','2024-10-10 00:19:32.474566'),(5,'auth','0003_alter_user_email_max_length','2024-10-10 00:19:32.486186'),(6,'auth','0004_alter_user_username_opts','2024-10-10 00:19:32.497573'),(7,'auth','0005_alter_user_last_login_null','2024-10-10 00:19:32.508905'),(8,'auth','0006_require_contenttypes_0002','2024-10-10 00:19:32.512155'),(9,'auth','0007_alter_validators_add_error_messages','2024-10-10 00:19:32.523028'),(10,'auth','0008_alter_user_username_max_length','2024-10-10 00:19:32.532890'),(11,'auth','0009_alter_user_last_name_max_length','2024-10-10 00:19:32.542932'),(12,'ifxuser','0001_initial','2024-10-10 00:19:33.515726'),(13,'ifxuser','0002_auto_20191011_1908','2024-10-10 00:19:33.519401'),(14,'ifxuser','0003_auto_20200812_2055','2024-10-10 00:19:33.521860'),(15,'ifxuser','0004_usercontact','2024-10-10 00:19:33.524971'),(16,'ifxuser','0005_contact_ifxcon','2024-10-10 00:19:33.527150'),(17,'ifxuser','0006_auto_20201008_1954','2024-10-10 00:19:33.529976'),(18,'ifxuser','0007_auto_20201014_2104','2024-10-10 00:19:33.532382'),(19,'ifxuser','0008_ifxuser_primary_affiliation','2024-10-10 00:19:33.535365'),(20,'ifxuser','0009_auto_20210622_1416','2024-10-10 00:19:33.537975'),(21,'ifxuser','0010_useraffiliation_active','2024-10-10 00:19:33.539976'),(22,'ifxuser','0011_auto_20210727_1929','2024-10-10 00:19:33.542589'),(23,'ifxuser','0012_auto_20211222_2021','2024-10-10 00:19:33.544958'),(24,'ifxuser','0013_auto_20220927_2025','2024-10-10 00:19:33.548070'),(25,'ifxuser','0014_auto_20221220_1921','2024-10-10 00:19:33.551761'),(26,'ifxuser','0015_auto_20230331_1833','2024-10-10 00:19:33.556181'),(27,'ifxuser','0016_force_primary_affiliation_null','2024-10-10 00:19:33.559059'),(28,'admin','0001_initial','2024-10-10 00:19:33.654765'),(29,'admin','0002_logentry_remove_auto_add','2024-10-10 00:19:33.669112'),(30,'admin','0003_logentry_add_action_flag_choices','2024-10-10 00:19:33.686552'),(31,'auth','0010_alter_group_name_max_length','2024-10-10 00:19:33.742708'),(32,'auth','0011_update_proxy_permissions','2024-10-10 00:19:33.764127'),(33,'resource','0001_initial','2024-10-10 00:19:34.785633'),(34,'field_of_science','0001_initial','2024-10-10 00:19:34.831078'),(35,'project','0001_initial','2024-10-10 00:19:36.283973'),(36,'allocation','0001_initial','2024-10-10 00:19:38.078701'),(37,'allocation','0002_auto_20190718_1451','2024-10-10 00:19:38.467656'),(38,'allocation','0003_auto_20191018_1049','2024-10-10 00:19:38.570074'),(39,'allocation','0004_auto_20210309_1142','2024-10-10 00:19:38.761021'),(40,'allocation','0005_auto_20210311_1318','2024-10-10 00:19:39.210483'),(41,'allocation','0006_auto_20210312_1118','2024-10-10 00:19:39.428660'),(42,'allocation','0007_auto_20210318_1826','2024-10-10 00:19:39.532118'),(43,'allocation','0008_auto_20210318_1934','2024-10-10 00:19:39.751181'),(44,'allocation','0009_auto_20210324_1239','2024-10-10 00:19:39.852709'),(45,'allocation','0010_auto_20210325_1118','2024-10-10 00:19:40.471243'),(46,'allocation','0011_delete_allocationaccount','2024-10-10 00:19:40.487506'),(47,'allocation','0004_auto_20211102_1017','2024-10-10 00:19:41.198467'),(48,'allocation','0005_auto_20211117_1413','2024-10-10 00:19:41.431556'),(49,'allocation','0012_merge_20220810_1359','2024-10-10 00:19:41.436542'),(50,'allocation','0013_allocationaccount','2024-10-10 00:19:41.551575'),(51,'allocation','0014_auto_20231211_1932','2024-10-10 00:19:43.192662'),(52,'allocation','0015_allocationstatuschoice_description','2024-10-10 00:19:43.209613'),(53,'auth','0012_alter_user_first_name_max_length','2024-10-10 00:19:43.231556'),(54,'authtoken','0001_initial','2024-10-10 00:19:43.331284'),(55,'authtoken','0002_auto_20160226_1747','2024-10-10 00:19:43.498487'),(56,'authtoken','0003_tokenproxy','2024-10-10 00:19:43.504631'),(57,'authtoken','0004_alter_tokenproxy_options','2024-10-10 00:19:43.515202'),(58,'project','0002_remove_projectuser_usage','2024-10-10 00:19:43.630382'),(59,'ifxbilling','0001_initial','2024-10-10 00:19:45.567938'),(60,'resource','0002_auto_20191017_1141','2024-10-10 00:19:45.726580'),(61,'ifx','0001_initial','2024-10-10 00:19:46.026231'),(62,'ifx','0002_auto_20210518_1554','2024-10-10 00:19:46.460514'),(63,'ifx','0003_suuser','2024-10-10 00:19:46.466721'),(64,'ifx','0004_projectorganization','2024-10-10 00:19:46.750099'),(65,'ifx','0005_auto_20211003_1153','2024-10-10 00:19:46.792200'),(66,'project','0002_projectusermessage_is_private','2024-10-10 00:19:46.858621'),(67,'project','0003_merge_20220623_1111','2024-10-10 00:19:46.862219'),(68,'department','0001_initial','2024-10-10 00:19:48.089493'),(69,'department','0002_auto_20220830_1537','2024-10-10 00:19:48.375201'),(70,'department','0003_auto_20230515_1832','2024-10-10 00:19:50.775422'),(71,'department','0004_historicaldepartment_historicaldepartmentmember','2024-10-10 00:19:51.213150'),(72,'django_q','0001_initial','2024-10-10 00:19:51.242588'),(73,'django_q','0002_auto_20150630_1624','2024-10-10 00:19:51.325847'),(74,'django_q','0003_auto_20150708_1326','2024-10-10 00:19:51.395993'),(75,'django_q','0004_auto_20150710_1043','2024-10-10 00:19:51.409959'),(76,'django_q','0005_auto_20150718_1506','2024-10-10 00:19:51.441765'),(77,'django_q','0006_auto_20150805_1817','2024-10-10 00:19:51.462387'),(78,'django_q','0007_ormq','2024-10-10 00:19:51.479978'),(79,'django_q','0008_auto_20160224_1026','2024-10-10 00:19:51.491445'),(80,'django_q','0009_auto_20171009_0915','2024-10-10 00:19:51.539605'),(81,'django_q','0010_auto_20200610_0856','2024-10-10 00:19:51.559991'),(82,'django_q','0011_auto_20200628_1055','2024-10-10 00:19:51.585669'),(83,'django_q','0012_auto_20200702_1608','2024-10-10 00:19:51.595765'),(84,'django_q','0013_task_attempt_count','2024-10-10 00:19:51.613380'),(85,'django_q','0014_schedule_cluster','2024-10-10 00:19:51.631922'),(86,'django_q','0015_alter_schedule_schedule_type','2024-10-10 00:19:51.651719'),(87,'django_q','0016_schedule_intended_date_kwarg','2024-10-10 00:19:51.667795'),(88,'django_q','0017_task_cluster_alter','2024-10-10 00:19:51.708029'),(89,'field_of_science','0002_alter_fieldofscience_description','2024-10-10 00:19:51.733099'),(90,'grant','0001_initial','2024-10-10 00:19:52.121713'),(91,'grant','0002_auto_20230406_1310','2024-10-10 00:19:52.168287'),(92,'grant','0003_auto_20231004_1242','2024-10-10 00:19:52.297587'),(93,'ifxbilling','0002_facility_billing_record_template','2024-10-10 00:19:52.314738'),(94,'ifxbilling','0003_auto_20220805_1615','2024-10-10 00:19:52.639459'),(95,'ifxbilling','0004_facility_billing_record_calculator','2024-10-10 00:19:52.655781'),(96,'ifxbilling','0005_auto_20221220_2056','2024-10-10 00:19:52.770008'),(97,'ifxbilling','0006_auto_20230117_2039','2024-10-10 00:19:52.891749'),(98,'ifxbilling','0007_auto_20230306_1411','2024-10-10 00:19:53.114860'),(99,'ifxbilling','0008_auto_20230306_1549','2024-10-10 00:19:53.159455'),(100,'ifxbilling','0009_alter_rate_unique_together','2024-10-10 00:19:53.182523'),(101,'ifxbilling','0010_auto_20230306_1800','2024-10-10 00:19:53.238903'),(102,'ifxbilling','0011_auto_20230313_1635','2024-10-10 00:19:53.361895'),(103,'ifxbilling','0012_auto_20230330_2005','2024-10-10 00:19:53.395906'),(104,'ifxbilling','0013_auto_20230331_1911','2024-10-10 00:19:56.132895'),(105,'ifxbilling','0014_rate_description','2024-10-10 00:19:56.171165'),(106,'ifxbilling','0015_organizationrate','2024-10-10 00:19:56.379139'),(107,'ifxbilling','0016_product_parent','2024-10-10 00:19:56.707680'),(108,'ifxbilling','0017_alter_product_product_description','2024-10-10 00:19:56.732043'),(109,'ifxbilling','0018_product_product_category','2024-10-10 00:19:56.752373'),(110,'ifxbilling','0019_product_object_code_category','2024-10-10 00:19:56.782109'),(111,'ifxbilling','0020_alter_product_object_code_category','2024-10-10 00:19:56.801189'),(112,'ifxbilling','0021_account_ifxacct_facility_ifxfac_facilitycodes','2024-10-10 00:19:56.973835'),(113,'ifxreport','0001_initial','2024-10-10 00:19:57.129364'),(114,'ifxreport','0002_rename_xls_file_reportrun_xls_file_path','2024-10-10 00:19:57.132696'),(115,'ifxreport','0003_testdata','2024-10-10 00:19:57.136513'),(116,'ifxreport','0004_auto_20230324_1641','2024-10-10 00:19:57.141055'),(117,'ifxreport','0005_alter_testdata_usage_date','2024-10-10 00:19:57.146699'),(118,'ifxreport','0006_auto_20230327_1545','2024-10-10 00:19:57.152011'),(119,'ifxreport','0002_reportrun_updated','2024-10-10 00:19:57.168659'),(120,'ifxuser','0002_contact_application_key','2024-10-10 00:19:57.190910'),(121,'ifxuser','0003_userfilecategory_userfile','2024-10-10 00:19:57.389067'),(122,'ifxuser','0004_alter_userfilecategory_options','2024-10-10 00:19:57.397930'),(123,'project','0003_auto_20221013_1215','2024-10-10 00:19:58.177828'),(124,'project','0004_auto_20230406_1133','2024-10-10 00:19:58.257940'),(125,'project','0005_merge_20230515_1831','2024-10-10 00:19:58.300108'),(126,'project','0006_auto_20230515_1832','2024-10-10 00:19:59.582576'),(127,'publication','0001_initial','2024-10-10 00:19:59.991489'),(128,'publication','0002_auto_20191223_1115','2024-10-10 00:20:00.234681'),(129,'publication','0003_auto_20200104_1700','2024-10-10 00:20:00.300091'),(130,'publication','0004_add_manual_publication_source','2024-10-10 00:20:00.488878'),(131,'publication','0005_auto_20231004_1242','2024-10-10 00:20:00.654599'),(132,'research_output','0001_initial','2024-10-10 00:20:01.080124'),(133,'research_output','0002_auto_20231211_1732','2024-10-10 00:20:01.514746'),(134,'resource','0003_auto_20231211_1732','2024-10-10 00:20:02.106018'),(135,'sessions','0001_initial','2024-10-10 00:20:02.143354'),(136,'user','0001_initial','2024-10-10 00:20:02.345500'),(137,'user','0002_userdatausage','2024-10-10 00:20:02.729236'),(138,'user','0003_delete_userdatausage','2024-10-10 00:20:02.744688'),(139,'ifxuser','0001_squashed_0016_force_primary_affiliation_null','2024-10-10 00:20:02.755949'),(140,'ifxreport','0001_squashed_0006_auto_20230327_1545','2024-10-10 00:20:02.762773'),(141,'ifxbilling','0022_alter_account_id_alter_billingrecord_id_and_more','2024-10-10 00:27:27.838929'),(142,'ifxreport','0003_alter_report_id_alter_reportrun_id_alter_testdata_id','2024-10-10 00:27:28.106939'),(143,'ifxuser','0005_alter_contact_id_alter_ifxuser_id_and_more','2024-10-10 00:27:40.338066'),(144,'project','0007_historicalproject_parent_project_and_more','2024-10-10 00:27:41.338637'),(145,'resource','0004_alter_resource_linked_resources','2024-10-10 00:27:41.496518');
/*!40000 ALTER TABLE `django_migrations` ENABLE KEYS */;
UNLOCK TABLES;

--
-- Table structure for table `django_q_ormq`
--

DROP TABLE IF EXISTS `django_q_ormq`;
/*!40101 SET @saved_cs_client     = @@character_set_client */;
/*!40101 SET character_set_client = utf8 */;
CREATE TABLE `django_q_ormq` (
  `id` int(11) NOT NULL AUTO_INCREMENT,
  `key` varchar(100) NOT NULL,
  `payload` longtext NOT NULL,
  `lock` datetime(6) DEFAULT NULL,
  PRIMARY KEY (`id`)
) ENGINE=InnoDB DEFAULT CHARSET=utf8 COLLATE=utf8_general_ci;
/*!40101 SET character_set_client = @saved_cs_client */;

--
-- Dumping data for table `django_q_ormq`
--

LOCK TABLES `django_q_ormq` WRITE;
/*!40000 ALTER TABLE `django_q_ormq` DISABLE KEYS */;
/*!40000 ALTER TABLE `django_q_ormq` ENABLE KEYS */;
UNLOCK TABLES;

--
-- Table structure for table `django_q_schedule`
--

DROP TABLE IF EXISTS `django_q_schedule`;
/*!40101 SET @saved_cs_client     = @@character_set_client */;
/*!40101 SET character_set_client = utf8 */;
CREATE TABLE `django_q_schedule` (
  `id` int(11) NOT NULL AUTO_INCREMENT,
  `func` varchar(256) NOT NULL,
  `hook` varchar(256) DEFAULT NULL,
  `args` longtext DEFAULT NULL,
  `kwargs` longtext DEFAULT NULL,
  `schedule_type` varchar(2) NOT NULL,
  `repeats` int(11) NOT NULL,
  `next_run` datetime(6) DEFAULT NULL,
  `task` varchar(100) DEFAULT NULL,
  `name` varchar(100) DEFAULT NULL,
  `minutes` smallint(5) unsigned DEFAULT NULL CHECK (`minutes` >= 0),
  `cron` varchar(100) DEFAULT NULL,
  `cluster` varchar(100) DEFAULT NULL,
  `intended_date_kwarg` varchar(100) DEFAULT NULL,
  PRIMARY KEY (`id`)
) ENGINE=InnoDB AUTO_INCREMENT=4 DEFAULT CHARSET=utf8 COLLATE=utf8_general_ci;
/*!40101 SET character_set_client = @saved_cs_client */;

--
-- Dumping data for table `django_q_schedule`
--

LOCK TABLES `django_q_schedule` WRITE;
/*!40000 ALTER TABLE `django_q_schedule` DISABLE KEYS */;
INSERT INTO `django_q_schedule` VALUES (1,'coldfront.plugins.slurm.tasks.slurm_sync',NULL,'()','{}','D',-3,'2024-10-12 00:00:00.000000','693d5c3e9bd248e9a895576fd9f54395','slurm_sync',NULL,NULL,NULL,NULL),(2,'coldfront.plugins.xdmod.tasks.xdmod_usage',NULL,'()','{}','D',-3,'2024-10-12 00:00:00.000000','da1db17333964c4490c5b6aeb5925bc1','xdmod_usage',NULL,NULL,NULL,NULL),(3,'coldfront.core.allocation.tasks.send_request_reminder_emails',NULL,'()','{}','W',-2,'2024-10-17 00:00:00.000000','70e2611816dd4542ad999e32200b25c4',NULL,NULL,NULL,NULL,NULL);
/*!40000 ALTER TABLE `django_q_schedule` ENABLE KEYS */;
UNLOCK TABLES;

--
-- Table structure for table `django_q_task`
--

DROP TABLE IF EXISTS `django_q_task`;
/*!40101 SET @saved_cs_client     = @@character_set_client */;
/*!40101 SET character_set_client = utf8 */;
CREATE TABLE `django_q_task` (
  `name` varchar(100) NOT NULL,
  `func` varchar(256) NOT NULL,
  `hook` varchar(256) DEFAULT NULL,
  `args` longtext DEFAULT NULL,
  `kwargs` longtext DEFAULT NULL,
  `result` longtext DEFAULT NULL,
  `started` datetime(6) NOT NULL,
  `stopped` datetime(6) NOT NULL,
  `success` tinyint(1) NOT NULL,
  `id` varchar(32) NOT NULL,
  `group` varchar(100) DEFAULT NULL,
  `attempt_count` int(11) NOT NULL,
  `cluster` varchar(100) DEFAULT NULL,
  PRIMARY KEY (`id`)
) ENGINE=InnoDB DEFAULT CHARSET=utf8 COLLATE=utf8_general_ci;
/*!40101 SET character_set_client = @saved_cs_client */;

--
-- Dumping data for table `django_q_task`
--

LOCK TABLES `django_q_task` WRITE;
/*!40000 ALTER TABLE `django_q_task` DISABLE KEYS */;
INSERT INTO `django_q_task` VALUES ('music-hot-queen-pennsylvania','coldfront.plugins.slurm.tasks.slurm_sync',NULL,'gAUpLg==','gAV9lC4=',NULL,'2024-10-10 23:52:28.911500','2024-10-10 23:52:28.958809',1,'0f951915887145e2a7d315d790277069','slurm_sync',1,'coldfront-redis'),('cardinal-coffee-earth-violet','coldfront.plugins.xdmod.tasks.xdmod_usage',NULL,'gAUpLg==','gAV9lC4=',NULL,'2024-10-10 23:52:28.913869','2024-10-10 23:52:28.956788',1,'518747b1946e4598b92b359027a6e38d','xdmod_usage',1,'coldfront-redis'),('early-uranus-angel-wyoming','coldfront.plugins.slurm.tasks.slurm_sync',NULL,'gAUpLg==','gAV9lC4=',NULL,'2024-10-11 00:00:01.336372','2024-10-11 00:00:01.399018',1,'693d5c3e9bd248e9a895576fd9f54395','slurm_sync',1,'coldfront-redis'),('venus-social-neptune-skylark','coldfront.core.allocation.tasks.send_request_reminder_emails',NULL,'gAUpLg==','gAV9lC4=','gAWVzgcAAAAAAAB9lIwWZGphbmdvLmRiLm1vZGVscy5xdWVyeZSMCFF1ZXJ5U2V0lJOUKYGUfZQojAVtb2RlbJSMIGNvbGRmcm9udC5jb3JlLmFsbG9jYXRpb24ubW9kZWxzlIwKQWxsb2NhdGlvbpSTlIwDX2RilE6MBl9oaW50c5R9lIwGX3F1ZXJ5lIwaZGphbmdvLmRiLm1vZGVscy5zcWwucXVlcnmUjAVRdWVyeZSTlCmBlH2UKGgGaAmMDmFsaWFzX3JlZmNvdW50lH2UKIwVYWxsb2NhdGlvbl9hbGxvY2F0aW9ulEsCjCFhbGxvY2F0aW9uX2FsbG9jYXRpb25zdGF0dXNjaG9pY2WUSwGMD3Byb2plY3RfcHJvamVjdJRLAHWMCWFsaWFzX21hcJR9lChoFYwjZGphbmdvLmRiLm1vZGVscy5zcWwuZGF0YXN0cnVjdHVyZXOUjAlCYXNlVGFibGWUk5QpgZR9lCiMCnRhYmxlX25hbWWUaBWMC3RhYmxlX2FsaWFzlGgVdWJoFmgajARKb2lulJOUKYGUfZQoaB9oFowMcGFyZW50X2FsaWFzlGgVaCBoFowJam9pbl90eXBllIwKSU5ORVIgSk9JTpSMCWpvaW5fY29sc5SMCXN0YXR1c19pZJSMAmlklIaUhZSMCmpvaW5fZmllbGSUjBdkamFuZ28uZGIubW9kZWxzLmZpZWxkc5SMC19sb2FkX2ZpZWxklJOUjAphbGxvY2F0aW9ulGgIjAZzdGF0dXOUh5RSlIwIbnVsbGFibGWUiYwRZmlsdGVyZWRfcmVsYXRpb26UTnViaBdoIimBlH2UKGgfaBdoJWgVaCBoF2gmaCdoKIwKcHJvamVjdF9pZJRoKoaUhZRoLWgwaDFoCIwHcHJvamVjdJSHlFKUaDWJaDZOdWJ1jAphbGlhc19jb2xzlIiMEGV4dGVybmFsX2FsaWFzZXOUfZSMCXRhYmxlX21hcJR9lChoFV2UaBVhaBZdlGgWYWgXXZRoF2F1jAx1c2VkX2FsaWFzZXOUj5QoaBVoFpCMBXdoZXJllIwaZGphbmdvLmRiLm1vZGVscy5zcWwud2hlcmWUjAlXaGVyZU5vZGWUk5QpgZR9lCiMCGNoaWxkcmVulF2UKIwYZGphbmdvLmRiLm1vZGVscy5sb29rdXBzlIwPTGVzc1RoYW5PckVxdWFslJOUKYGUfZQojBFfY29uc3RydWN0b3JfYXJnc5SMHGRqYW5nby5kYi5tb2RlbHMuZXhwcmVzc2lvbnOUjANDb2yUk5QpgZR9lChoVmgVaDBoMWgIjAdjcmVhdGVklIeUUpSGlH2UhpSMDG91dHB1dF9maWVsZJRoXowFYWxpYXOUaBWMBnRhcmdldJRoXowIaWRlbnRpdHmUKGhZjAVhbGlhc5RoFYaUjAZ0YXJnZXSUjBVhbGxvY2F0aW9uLkFsbG9jYXRpb26UjAdjcmVhdGVklIaUhpSMDG91dHB1dF9maWVsZJROhpR0lIwSY29udGFpbnNfYWdncmVnYXRllImMFGNvbnRhaW5zX292ZXJfY2xhdXNllIl1YowIZGF0ZXRpbWWUjARkYXRllJOUQwQH6AoDlIWUUpSGlH2UhpSMA2xoc5RoWowDcmhzlGhyjAhkYXRldGltZZSTlEMKB+gKAwAAAAAAAJSMCGJ1aWx0aW5zlIwHZ2V0YXR0cpSTlIwIem9uZWluZm+UjAhab25lSW5mb5STlIwJX3VucGlja2xllIaUUpSMEEFtZXJpY2EvTmV3X1lvcmuUSwGGlFKUhpRSlIwUYmlsYXRlcmFsX3RyYW5zZm9ybXOUXZRocIlocYl1YmhRjAJJbpSTlCmBlH2UKGhWaFkpgZR9lChoVmgWaDBoMYwWQWxsb2NhdGlvblN0YXR1c0Nob2ljZZSMBG5hbWWUh5RSlIaUfZSGlGhiaJloY2gWaGRomWhwiWhxiXViXZQojANOZXeUjAtJbiBQcm9ncmVzc5SMB09uIEhvbGSUjBJQZW5kaW5nIEFjdGl2YXRpb26UZYaUfZSGlGh7aJRofF2UKGieaJ9ooGihZWiOXZRocIlocYl1YmWMCWNvbm5lY3RvcpSMA0FORJSMB25lZ2F0ZWSUiWhwiWhxiXVijAthbm5vdGF0aW9uc5R9lIwFZXh0cmGUfZSME19maWx0ZXJlZF9yZWxhdGlvbnOUfZSMGF9hbm5vdGF0aW9uX3NlbGVjdF9jYWNoZZROjBBmaWx0ZXJfaXNfc3RpY2t5lImMDV9sb29rdXBfam9pbnOUXZQoaBVoFmWMCmJhc2VfdGFibGWUaBV1YowNX3Jlc3VsdF9jYWNoZZRdlIwOX3N0aWNreV9maWx0ZXKUiYwKX2Zvcl93cml0ZZSJjBlfcHJlZmV0Y2hfcmVsYXRlZF9sb29rdXBzlCmMDl9wcmVmZXRjaF9kb25llImMFl9rbm93bl9yZWxhdGVkX29iamVjdHOUfZSMD19pdGVyYWJsZV9jbGFzc5RoAYwNTW9kZWxJdGVyYWJsZZSTlIwHX2ZpZWxkc5ROjBJfZGVmZXJfbmV4dF9maWx0ZXKUiYwQX2RlZmVycmVkX2ZpbHRlcpROjA9fZGphbmdvX3ZlcnNpb26UjAY0LjIuMTSUdWKGlC4=','2024-10-10 23:52:28.915276','2024-10-10 23:52:28.947418',1,'70e2611816dd4542ad999e32200b25c4','3',1,'coldfront-redis'),('angel-pasta-fourteen-rugby','coldfront.plugins.xdmod.tasks.xdmod_usage',NULL,'gAUpLg==','gAV9lC4=',NULL,'2024-10-11 00:00:01.338614','2024-10-11 00:00:01.410028',1,'da1db17333964c4490c5b6aeb5925bc1','xdmod_usage',1,'coldfront-redis');
/*!40000 ALTER TABLE `django_q_task` ENABLE KEYS */;
UNLOCK TABLES;

--
-- Table structure for table `django_session`
--

DROP TABLE IF EXISTS `django_session`;
/*!40101 SET @saved_cs_client     = @@character_set_client */;
/*!40101 SET character_set_client = utf8 */;
CREATE TABLE `django_session` (
  `session_key` varchar(40) NOT NULL,
  `session_data` longtext NOT NULL,
  `expire_date` datetime(6) NOT NULL,
  PRIMARY KEY (`session_key`),
  KEY `django_session_expire_date_a5c62663` (`expire_date`)
) ENGINE=InnoDB DEFAULT CHARSET=utf8 COLLATE=utf8_general_ci;
/*!40101 SET character_set_client = @saved_cs_client */;

--
-- Dumping data for table `django_session`
--

LOCK TABLES `django_session` WRITE;
/*!40000 ALTER TABLE `django_session` DISABLE KEYS */;
INSERT INTO `django_session` VALUES ('5ae2gdld3a9crs3m5gg2sb2wh5ucdvff','.eJxVjDsOgzAQRO_iOrLW-MemTM8ZrPXaxCSRkTBUUe4ekCgSTTfvzbxFoG0tYWt5CVMSV6HE5beLxM9cD5AeVO-z5LmuyxTlociTNjnMKb9up_t3UKiVfd1Z58iSzwp5BB97IKezot47xXtMpxGch2QTxo4VaEaDYDCDHzmh-HwBxHw3Dg:1syhPB:88SCGt6rtixJmNKW4raiKxbKASqeMYDHzuMIuGRYzJk','2024-10-10 01:51:49.582312'),('ggastkr166l5h42ioom6rv4aee8naql1','.eJxVjDsOgzAQRO_iOrLW-MemTM8ZrPXaxCSRkTBUUe4ekCgSTTfvzbxFoG0tYWt5CVMSV6HE5beLxM9cD5AeVO-z5LmuyxTlociTNjnMKb9up_t3UKiVfd1Z58iSzwp5BB97IKezot47xXtMpxGch2QTxo4VaEaDYDCDHzmh-HwBxHw3Dg:1sz0fE:pIOADB2qE36YwnGtXVBANrw5qUAdY9CzCnBUwAVUWzs','2024-10-10 22:25:40.062067'),('tjk2o3j2mb07mqbqvlylckyp9ids15si','.eJxVjDsOgzAQRO_iOrLW-MemTM8ZrPXaxCSRkTBUUe4ekCgSTTfvzbxFoG0tYWt5CVMSV6HE5beLxM9cD5AeVO-z5LmuyxTlociTNjnMKb9up_t3UKiVfd1Z58iSzwp5BB97IKezot47xXtMpxGch2QTxo4VaEaDYDCDHzmh-HwBxHw3Dg:1sz3YX:EC8_u4_fXMfbZwtVYiJYJRDkgLOZaJ3NVWi0LiyTY8o','2024-10-11 01:30:57.145857');
/*!40000 ALTER TABLE `django_session` ENABLE KEYS */;
UNLOCK TABLES;

--
-- Table structure for table `facility`
--

DROP TABLE IF EXISTS `facility`;
/*!40101 SET @saved_cs_client     = @@character_set_client */;
/*!40101 SET character_set_client = utf8 */;
CREATE TABLE `facility` (
  `id` int(11) NOT NULL AUTO_INCREMENT,
  `name` varchar(200) NOT NULL,
  `application_username` varchar(50) NOT NULL,
  `credit_code` varchar(50) NOT NULL,
  `invoice_prefix` varchar(50) NOT NULL,
  `object_code` varchar(4) NOT NULL,
  `billing_record_template` varchar(100) NOT NULL,
  `billing_record_calculator` varchar(100) DEFAULT NULL,
  `ifxfac` varchar(20) DEFAULT NULL,
  PRIMARY KEY (`id`),
  UNIQUE KEY `name` (`name`),
  UNIQUE KEY `facility_natural_key` (`name`)
) ENGINE=InnoDB AUTO_INCREMENT=2 DEFAULT CHARSET=utf8 COLLATE=utf8_general_ci;
/*!40101 SET character_set_client = @saved_cs_client */;

--
-- Dumping data for table `facility`
--

LOCK TABLES `facility` WRITE;
/*!40000 ALTER TABLE `facility` DISABLE KEYS */;
INSERT INTO `facility` VALUES (1,'Research Computing Storage','coldfront','1234','RC','8250','plugins/ifx/billing_record_summary.html','coldfront.plugins.ifx.calculator.NewColdfrontBillingCalculator',NULL);
/*!40000 ALTER TABLE `facility` ENABLE KEYS */;
UNLOCK TABLES;

--
-- Table structure for table `facility_codes`
--

DROP TABLE IF EXISTS `facility_codes`;
/*!40101 SET @saved_cs_client     = @@character_set_client */;
/*!40101 SET character_set_client = utf8 */;
CREATE TABLE `facility_codes` (
  `id` int(11) NOT NULL AUTO_INCREMENT,
  `credit_code` varchar(50) NOT NULL,
  `debit_object_code_category` varchar(100) NOT NULL,
  `facility_id` int(11) NOT NULL,
  PRIMARY KEY (`id`),
  KEY `facility_codes_facility_id_62c00fb9_fk` (`facility_id`),
  CONSTRAINT `facility_codes_facility_id_62c00fb9_fk` FOREIGN KEY (`facility_id`) REFERENCES `facility` (`id`)
) ENGINE=InnoDB DEFAULT CHARSET=utf8 COLLATE=utf8_general_ci;
/*!40101 SET character_set_client = @saved_cs_client */;

--
-- Dumping data for table `facility_codes`
--

LOCK TABLES `facility_codes` WRITE;
/*!40000 ALTER TABLE `facility_codes` DISABLE KEYS */;
/*!40000 ALTER TABLE `facility_codes` ENABLE KEYS */;
UNLOCK TABLES;

--
-- Table structure for table `field_of_science_fieldofscience`
--

DROP TABLE IF EXISTS `field_of_science_fieldofscience`;
/*!40101 SET @saved_cs_client     = @@character_set_client */;
/*!40101 SET character_set_client = utf8 */;
CREATE TABLE `field_of_science_fieldofscience` (
  `id` int(11) NOT NULL AUTO_INCREMENT,
  `created` datetime(6) NOT NULL,
  `modified` datetime(6) NOT NULL,
  `is_selectable` tinyint(1) NOT NULL,
  `description` varchar(255) NOT NULL,
  `fos_nsf_id` int(11) DEFAULT NULL,
  `fos_nsf_abbrev` varchar(10) DEFAULT NULL,
  `directorate_fos_id` int(11) DEFAULT NULL,
  `parent_id_id` int(11) DEFAULT NULL,
  PRIMARY KEY (`id`),
  UNIQUE KEY `field_of_science_fieldofscience_description_720b6e6c_uniq` (`description`),
  KEY `field_of_science_fie_parent_id_id_e239934a_fk_field_of_` (`parent_id_id`),
  CONSTRAINT `field_of_science_fie_parent_id_id_e239934a_fk_field_of_` FOREIGN KEY (`parent_id_id`) REFERENCES `field_of_science_fieldofscience` (`id`)
) ENGINE=InnoDB AUTO_INCREMENT=159 DEFAULT CHARSET=utf8 COLLATE=utf8_general_ci;
/*!40101 SET character_set_client = @saved_cs_client */;

--
-- Dumping data for table `field_of_science_fieldofscience`
--

LOCK TABLES `field_of_science_fieldofscience` WRITE;
/*!40000 ALTER TABLE `field_of_science_fieldofscience` DISABLE KEYS */;
INSERT INTO `field_of_science_fieldofscience` VALUES (1,'2024-10-10 01:31:59.897761','2024-10-10 01:31:59.898874',0,'Mathematical and Physical Sciences',100,'MPS',1,NULL),(2,'2024-10-10 01:31:59.910844','2024-10-10 01:31:59.921002',0,'Mathematical Sciences',110,'DMS',1,1),(3,'2024-10-10 01:31:59.923673','2024-10-10 01:31:59.926832',1,'Classical Analysis',111,'',1,2),(4,'2024-10-10 01:31:59.929095','2024-10-10 01:31:59.933123',1,'Modern Analysis',112,'',1,2),(5,'2024-10-10 01:31:59.935210','2024-10-10 01:31:59.940032',1,'Geometric Analysis',113,'',1,2),(6,'2024-10-10 01:31:59.942306','2024-10-10 01:31:59.948587',1,'Topology and Foundations',114,'',1,2),(7,'2024-10-10 01:31:59.951510','2024-10-10 01:31:59.959855',1,'Algebra and Number Theory',115,'',1,2),(8,'2024-10-10 01:31:59.964052','2024-10-10 01:31:59.970035',1,'Applied Mathematics',116,'',1,2),(9,'2024-10-10 01:31:59.972777','2024-10-10 01:31:59.977822',1,'Statistics and Probability',117,'',1,2),(10,'2024-10-10 01:31:59.979425','2024-10-10 01:31:59.984304',1,'Computational Mathematics',118,'',1,2),(11,'2024-10-10 01:31:59.985800','2024-10-10 01:31:59.989283',0,'Astronomical Sciences',120,'AST',1,1),(12,'2024-10-10 01:31:59.992320','2024-10-10 01:31:59.995595',1,'Extragalactic Astronomy and Cosmology',121,'',1,11),(13,'2024-10-10 01:31:59.997684','2024-10-10 01:32:00.002160',1,'Planetary Astronomy',122,'',1,11),(14,'2024-10-10 01:32:00.005398','2024-10-10 01:32:00.011274',1,'Stellar Astronomy and Astrophysics',123,'',1,11),(15,'2024-10-10 01:32:00.016092','2024-10-10 01:32:00.023021',1,'Galactic Astronomy',124,'',1,11),(16,'2024-10-10 01:32:00.026588','2024-10-10 01:32:00.032710',0,'Physics',130,'PHY',1,1),(17,'2024-10-10 01:32:00.036446','2024-10-10 01:32:00.040117',1,'Elementary Particle Physics',131,'',1,16),(18,'2024-10-10 01:32:00.042388','2024-10-10 01:32:00.045970',1,'Nuclear Physics',132,'',1,16),(19,'2024-10-10 01:32:00.048658','2024-10-10 01:32:00.052124',1,'Atomic, Molecular, and Optical Physics',133,'',1,16),(20,'2024-10-10 01:32:00.053736','2024-10-10 01:32:00.057083',1,'Theoretical Physics',134,'',1,16),(21,'2024-10-10 01:32:00.058561','2024-10-10 01:32:00.062435',1,'Gravitational Physics',135,'',1,16),(22,'2024-10-10 01:32:00.065229','2024-10-10 01:32:00.069044',0,'Chemistry',140,'CHE',1,1),(23,'2024-10-10 01:32:00.071441','2024-10-10 01:32:00.075260',1,'Analytical and Surface Chemistry',141,'',1,22),(24,'2024-10-10 01:32:00.077514','2024-10-10 01:32:00.082332',1,'Inorganic, Bioinorganic, and Organometallic Chemistry',142,'',1,22),(25,'2024-10-10 01:32:00.084535','2024-10-10 01:32:00.089408',1,'Organic and Macromolecular Chemistry',143,'',1,22),(26,'2024-10-10 01:32:00.091830','2024-10-10 01:32:00.098419',1,'Physical Chemistry',144,'',1,22),(27,'2024-10-10 01:32:00.102531','2024-10-10 01:32:00.106080',0,'Materials Research',150,'DMR',1,1),(28,'2024-10-10 01:32:00.107671','2024-10-10 01:32:00.110447',1,'Solid State Chemistry and Polymers',152,'',1,27),(29,'2024-10-10 01:32:00.111922','2024-10-10 01:32:00.115393',1,'Condensed Matter Physics',154,'',1,27),(30,'2024-10-10 01:32:00.118132','2024-10-10 01:32:00.122038',1,'Metals, Ceramics, and Electronic Materials',156,'',1,27),(31,'2024-10-10 01:32:00.125417','2024-10-10 01:32:00.125511',0,'Computer and Information Science and Engineering',300,'CIE',31,NULL),(32,'2024-10-10 01:32:00.127521','2024-10-10 01:32:00.131049',0,'Computer and Computation Research',310,'CCR',31,31),(33,'2024-10-10 01:32:00.133105','2024-10-10 01:32:00.137031',1,'Computer and Computation Theory',311,'',31,32),(34,'2024-10-10 01:32:00.138527','2024-10-10 01:32:00.141854',1,'Numeric and Symbolic Computation',312,'',31,32),(35,'2024-10-10 01:32:00.143772','2024-10-10 01:32:00.148713',1,'Computer Systems Architecture',313,'',31,32),(36,'2024-10-10 01:32:00.151670','2024-10-10 01:32:00.155705',1,'Software Systems',314,'',31,32),(37,'2024-10-10 01:32:00.157409','2024-10-10 01:32:00.160611',1,'Software Engineering',315,'',31,32),(38,'2024-10-10 01:32:00.163567','2024-10-10 01:32:00.168734',0,'Information, Robotics, and Intelligent Systems',320,'IRI',31,31),(39,'2024-10-10 01:32:00.171849','2024-10-10 01:32:00.175625',1,'Knowledge Models and Cognitive Systems',321,'',31,38),(40,'2024-10-10 01:32:00.177294','2024-10-10 01:32:00.181300',1,'Robotics and Machine Intelligence',322,'',31,38),(41,'2024-10-10 01:32:00.182993','2024-10-10 01:32:00.186050',1,'Interactive Systems',323,'',31,38),(42,'2024-10-10 01:32:00.188139','2024-10-10 01:32:00.192572',1,'Information Technology and Organizations',324,'',31,38),(43,'2024-10-10 01:32:00.193957','2024-10-10 01:32:00.197823',0,'Microelectronic Information Processing Systems',330,'MIP',31,31),(44,'2024-10-10 01:32:00.199308','2024-10-10 01:32:00.202650',1,'Microelectronic Systems Architecture',331,'',31,43),(45,'2024-10-10 01:32:00.205287','2024-10-10 01:32:00.209284',1,'Circuits and Signal Processing',332,'',31,43),(46,'2024-10-10 01:32:00.211360','2024-10-10 01:32:00.215498',1,'Experimental Systems',333,'',31,43),(47,'2024-10-10 01:32:00.218364','2024-10-10 01:32:00.224036',1,'Systems Prototyping and Fabrication',334,'',31,43),(48,'2024-10-10 01:32:00.226431','2024-10-10 01:32:00.230026',1,'Design, Tools, and Test',335,'',31,43),(49,'2024-10-10 01:32:00.232287','2024-10-10 01:32:00.236309',0,'Advanced Scientific Computing',340,'ASC',31,31),(50,'2024-10-10 01:32:00.238528','2024-10-10 01:32:00.243406',1,'Performance Evaluation and Benchmarking',341,'',31,49),(51,'2024-10-10 01:32:00.245515','2024-10-10 01:32:00.249097',1,'Algorithm Development',342,'',31,49),(52,'2024-10-10 01:32:00.250693','2024-10-10 01:32:00.254290',1,'Visualization, Graphics, and Image Processing',343,'',31,49),(53,'2024-10-10 01:32:00.257053','2024-10-10 01:32:00.261383',1,'Software Development',344,'',31,49),(54,'2024-10-10 01:32:00.264250','2024-10-10 01:32:00.268925',1,'Distributed and Parallel Processing, Vectorization',345,'',31,49),(55,'2024-10-10 01:32:00.271294','2024-10-10 01:32:00.275548',1,'Networking and Communications Research',350,'NCR',31,31),(56,'2024-10-10 01:32:00.277625','2024-10-10 01:32:00.281021',0,'Cross-Disciplinary Activities',360,'CDA',31,31),(57,'2024-10-10 01:32:00.282661','2024-10-10 01:32:00.287809',1,'Research Instrumentation',361,'',31,56),(58,'2024-10-10 01:32:00.290666','2024-10-10 01:32:00.294269',1,'Institutional Infrastructure',362,'',31,56),(59,'2024-10-10 01:32:00.295743','2024-10-10 01:32:00.298763',1,'Educational Infrastructure',363,'',31,56),(60,'2024-10-10 01:32:00.300679','2024-10-10 01:32:00.306549',1,'Cross-Directorate Activities',364,'',31,56),(61,'2024-10-10 01:32:00.313697','2024-10-10 01:32:00.318595',1,'Special Projects',365,'',31,56),(62,'2024-10-10 01:32:00.320458','2024-10-10 01:32:00.320556',0,'Biological Sciences',401,'BIO',62,NULL),(63,'2024-10-10 01:32:00.323330','2024-10-10 01:32:00.323434',0,'Social, Behavioral, and Economic Sciences',402,'SBE',63,NULL),(64,'2024-10-10 01:32:00.325528','2024-10-10 01:32:00.329969',0,'Molecular Biosciences',410,'MCB',62,62),(65,'2024-10-10 01:32:00.332784','2024-10-10 01:32:00.336569',1,'Biochemistry and Molecular Structure and Function',411,'',62,64),(66,'2024-10-10 01:32:00.339330','2024-10-10 01:32:00.347046',1,'Biophysics',412,'',62,64),(67,'2024-10-10 01:32:00.348887','2024-10-10 01:32:00.355463',1,'Genetics and Nucleic Acids',413,'',62,64),(68,'2024-10-10 01:32:00.358371','2024-10-10 01:32:00.364607',1,'Cell Biology',414,'',62,64),(69,'2024-10-10 01:32:00.367134','2024-10-10 01:32:00.374136',0,'Environmental Biology',430,'DEB',62,62),(70,'2024-10-10 01:32:00.378082','2024-10-10 01:32:00.384187',1,'Ecological Studies',431,'',62,69),(71,'2024-10-10 01:32:00.386220','2024-10-10 01:32:00.391508',1,'Systematic and Population Biology',433,'',62,69),(72,'2024-10-10 01:32:00.393699','2024-10-10 01:32:00.397900',0,'Behavioral and Neural Sciences',440,'BNS',63,63),(73,'2024-10-10 01:32:00.400345','2024-10-10 01:32:00.407127',1,'Anthropology',441,'',63,72),(74,'2024-10-10 01:32:00.410315','2024-10-10 01:32:00.416445',1,'Language, Cognition, and Social Behavior',442,'',63,72),(75,'2024-10-10 01:32:00.420389','2024-10-10 01:32:00.428994',0,'Social and Economic Science',450,'SES',63,63),(76,'2024-10-10 01:32:00.431813','2024-10-10 01:32:00.436545',1,'Economics',451,'',63,75),(77,'2024-10-10 01:32:00.438495','2024-10-10 01:32:00.443828',1,'Geography and Regional Science',452,'',63,75),(78,'2024-10-10 01:32:00.445823','2024-10-10 01:32:00.450505',1,'Sociology',453,'',63,75),(79,'2024-10-10 01:32:00.453255','2024-10-10 01:32:00.457148',1,'Methodology, Measurement, and Statistics',454,'',63,75),(80,'2024-10-10 01:32:00.459716','2024-10-10 01:32:00.465489',1,'Political Science',455,'',63,75),(81,'2024-10-10 01:32:00.468296','2024-10-10 01:32:00.473016',1,'Law and Social Sciences',456,'',63,75),(82,'2024-10-10 01:32:00.475662','2024-10-10 01:32:00.480656',1,'Decision, Risk, and Management Science',457,'',63,75),(83,'2024-10-10 01:32:00.483598','2024-10-10 01:32:00.488872',1,'Biological Instrumentation and Resources',460,'BIR',62,62),(84,'2024-10-10 01:32:00.492022','2024-10-10 01:32:00.497734',0,'Integrative Biology and Neuroscience',470,'IBN',62,62),(85,'2024-10-10 01:32:00.501041','2024-10-10 01:32:00.506402',1,'Developmental Biology',471,'',62,84),(86,'2024-10-10 01:32:00.509039','2024-10-10 01:32:00.515012',1,'Neuroscience Biology',472,'',62,84),(87,'2024-10-10 01:32:00.517639','2024-10-10 01:32:00.523389',1,'Physiology and Behavior',473,'',62,84),(88,'2024-10-10 01:32:00.525599','2024-10-10 01:32:00.529688',1,'Science Resources Studies',480,'SRS',63,63),(89,'2024-10-10 01:32:00.533078','2024-10-10 01:32:00.536977',1,'International Programs',490,'INT',63,63),(90,'2024-10-10 01:32:00.539151','2024-10-10 01:32:00.539394',0,'Geosciences',500,'GEO',90,NULL),(91,'2024-10-10 01:32:00.543466','2024-10-10 01:32:00.550669',0,'Atmospheric Sciences',510,'ATM',90,90),(92,'2024-10-10 01:32:00.554696','2024-10-10 01:32:00.561852',1,'Meteorology',511,'',90,91),(93,'2024-10-10 01:32:00.564054','2024-10-10 01:32:00.569799',1,'Atmospheric Chemistry',512,'',90,91),(94,'2024-10-10 01:32:00.572678','2024-10-10 01:32:00.580090',1,'Climate Dynamics',514,'',90,91),(95,'2024-10-10 01:32:00.582343','2024-10-10 01:32:00.587102',1,'Global Atmospheric Research',515,'',90,91),(96,'2024-10-10 01:32:00.589099','2024-10-10 01:32:00.594556',1,'Aeronomy',516,'',90,91),(97,'2024-10-10 01:32:00.596855','2024-10-10 01:32:00.600494',1,'Magnetospheric Physics',517,'',90,91),(98,'2024-10-10 01:32:00.602952','2024-10-10 01:32:00.610949',1,'Solar Terrestrial Research',518,'',90,91),(99,'2024-10-10 01:32:00.615048','2024-10-10 01:32:00.623523',0,'Earth Sciences',520,'EAR',90,90),(100,'2024-10-10 01:32:00.626891','2024-10-10 01:32:00.631939',1,'Geology and Paleontology',521,'',90,99),(101,'2024-10-10 01:32:00.634011','2024-10-10 01:32:00.637780',1,'Surficial Processes',522,'',90,99),(102,'2024-10-10 01:32:00.639633','2024-10-10 01:32:00.643497',1,'Tectonics',523,'',90,99),(103,'2024-10-10 01:32:00.646326','2024-10-10 01:32:00.652130',1,'Seismology',524,'',90,99),(104,'2024-10-10 01:32:00.655289','2024-10-10 01:32:00.660338',1,'Geophysics',525,'',90,99),(105,'2024-10-10 01:32:00.662547','2024-10-10 01:32:00.666460',1,'Petrogenesis and Mineral Resources',526,'',90,99),(106,'2024-10-10 01:32:00.668546','2024-10-10 01:32:00.676691',1,'Volcanology and Mantle Geochemistry',527,'',90,99),(107,'2024-10-10 01:32:00.679409','2024-10-10 01:32:00.686278',1,'Experimental and Theoretical Geochemistry',528,'',90,99),(108,'2024-10-10 01:32:00.689866','2024-10-10 01:32:00.695769',0,'Ocean Sciences',530,'OCE',90,90),(109,'2024-10-10 01:32:00.698253','2024-10-10 01:32:00.704553',1,'Biological Oceanography',531,'',90,108),(110,'2024-10-10 01:32:00.707051','2024-10-10 01:32:00.711500',1,'Chemical Oceanography',532,'',90,108),(111,'2024-10-10 01:32:00.713526','2024-10-10 01:32:00.719282',1,'Physical Oceanography',533,'',90,108),(112,'2024-10-10 01:32:00.723034','2024-10-10 01:32:00.728906',1,'Marine Geology and Geophysics',534,'',90,108),(113,'2024-10-10 01:32:00.731300','2024-10-10 01:32:00.734644',0,'Polar Programs',540,'DPP',90,90),(114,'2024-10-10 01:32:00.736884','2024-10-10 01:32:00.742087',1,'Polar Glaciology',541,'',90,113),(115,'2024-10-10 01:32:00.745006','2024-10-10 01:32:00.751102',1,'Polar Aeronomy and Astrophysics',542,'',90,113),(116,'2024-10-10 01:32:00.753907','2024-10-10 01:32:00.761066',1,'Polar Biology and Medicine',543,'',90,113),(117,'2024-10-10 01:32:00.765716','2024-10-10 01:32:00.771403',1,'Polar Earth Sciences',544,'',90,113),(118,'2024-10-10 01:32:00.774705','2024-10-10 01:32:00.779325',1,'Polar Meteorology',545,'',90,113),(119,'2024-10-10 01:32:00.781415','2024-10-10 01:32:00.786935',1,'Polar Ocean and Climate Systems',546,'',90,113),(120,'2024-10-10 01:32:00.788795','2024-10-10 01:32:00.788903',0,'Engineering',600,'ENG',120,NULL),(121,'2024-10-10 01:32:00.792477','2024-10-10 01:32:00.796995',0,'Chemical, Thermal Systems',610,'CTS',120,120),(122,'2024-10-10 01:32:00.799958','2024-10-10 01:32:00.804424',1,'Chemical and Reaction Processes',611,'',120,121),(123,'2024-10-10 01:32:00.806122','2024-10-10 01:32:00.809881',1,'Interfacial, Transport, and Separations Processes',612,'',120,121),(124,'2024-10-10 01:32:00.813509','2024-10-10 01:32:00.819775',1,'Thermal Systems',613,'',120,121),(125,'2024-10-10 01:32:00.821854','2024-10-10 01:32:00.826071',1,'Fluid, Particulate, and Hydraulic Systems',614,'',120,121),(126,'2024-10-10 01:32:00.828450','2024-10-10 01:32:00.833323',0,'Mechanical and Structural Systems',620,'MSS',120,120),(127,'2024-10-10 01:32:00.836580','2024-10-10 01:32:00.840434',1,'Dynamic Systems and Control',621,'',120,126),(128,'2024-10-10 01:32:00.842813','2024-10-10 01:32:00.848023',1,'Structures and Building Systems',622,'',120,126),(129,'2024-10-10 01:32:00.849972','2024-10-10 01:32:00.853468',1,'Mechanics and Materials',623,'',120,126),(130,'2024-10-10 01:32:00.856391','2024-10-10 01:32:00.861431',1,'Surface Engineering and Tribology',625,'',120,126),(131,'2024-10-10 01:32:00.862971','2024-10-10 01:32:00.866323',0,'Electrical and Communication Systems',630,'ECS',120,120),(132,'2024-10-10 01:32:00.868891','2024-10-10 01:32:00.871690',1,'Quantum Electronics, Waves, and Beams',631,'',120,131),(133,'2024-10-10 01:32:00.873657','2024-10-10 01:32:00.877066',1,'Solid-State and Microstructures',632,'',120,131),(134,'2024-10-10 01:32:00.879014','2024-10-10 01:32:00.884327',1,'Communications and Computational Systems',633,'',120,131),(135,'2024-10-10 01:32:00.887577','2024-10-10 01:32:00.891700',1,'Engineering Systems',634,'',120,131),(136,'2024-10-10 01:32:00.893412','2024-10-10 01:32:00.898153',1,'Emerging Technologies Initiation',635,'',120,131),(137,'2024-10-10 01:32:00.901005','2024-10-10 01:32:00.906865',0,'Design and Manufacturing Systems',640,'DDM',120,120),(138,'2024-10-10 01:32:00.909434','2024-10-10 01:32:00.914622',1,'Operations Research and Production Systems',641,'',120,137),(139,'2024-10-10 01:32:00.916320','2024-10-10 01:32:00.920100',1,'Design and Computer-Integrated Engineering',642,'',120,137),(140,'2024-10-10 01:32:00.923823','2024-10-10 01:32:00.927135',1,'Manufacturing Processes and Equipment',643,'',120,137),(141,'2024-10-10 01:32:00.929343','2024-10-10 01:32:00.932563',0,'Biological and Critical Systems',650,'BCS',120,120),(142,'2024-10-10 01:32:00.935027','2024-10-10 01:32:00.938362',1,'Bioengineering Aiding the Disabled',651,'',120,141),(143,'2024-10-10 01:32:00.940278','2024-10-10 01:32:00.944136',1,'Environmental and Ocean Systems',652,'',120,141),(144,'2024-10-10 01:32:00.945655','2024-10-10 01:32:00.950571',1,'Earthquake Hazard Mitigation',653,'',120,141),(145,'2024-10-10 01:32:00.954008','2024-10-10 01:32:00.958146',1,'Natural and Man-Made Hazard Mitigation',654,'',120,141),(146,'2024-10-10 01:32:00.960402','2024-10-10 01:32:00.966172',1,'Engineering Centers',660,'ECD',120,120),(147,'2024-10-10 01:32:00.968977','2024-10-10 01:32:00.973361',1,'Engineering Infrastructure Development',670,'EID',120,120),(148,'2024-10-10 01:32:00.976292','2024-10-10 01:32:00.981455',1,'Industrial Science and Technological Innovation',680,'ISI',120,120),(149,'2024-10-10 01:32:00.983906','2024-10-10 01:32:00.984002',1,'Other',900,'',149,NULL),(150,'2024-10-10 01:32:00.986480','2024-10-10 01:32:00.989300',1,'Science and Engineering Education',910,'SEE',149,149),(151,'2024-10-10 01:32:00.991294','2024-10-10 01:32:00.995015',1,'Small Business Innovation Research',920,'SBR',149,149),(152,'2024-10-10 01:32:00.996475','2024-10-10 01:32:00.999553',1,'Industrial Partners Research',930,'IND',149,149),(153,'2024-10-10 01:32:01.001411','2024-10-10 01:32:01.004445',1,'Center Systems Staff',940,'STA',149,149),(154,'2024-10-10 01:32:01.006479','2024-10-10 01:32:01.010625',1,'Training',950,'TRA',149,149),(155,'2024-10-10 01:32:01.012202','2024-10-10 01:32:01.015862',1,'Block Grants',960,'',149,149),(156,'2024-10-10 01:32:01.019267','2024-10-10 01:32:01.019448',0,'Humanities/Arts',700,'HUA',156,NULL),(157,'2024-10-10 01:32:01.022621','2024-10-10 01:32:01.028093',1,'Humanities',710,'HUM',156,156),(158,'2024-10-10 01:32:01.031035','2024-10-10 01:32:01.036550',1,'Arts',720,'ART',156,156);
/*!40000 ALTER TABLE `field_of_science_fieldofscience` ENABLE KEYS */;
UNLOCK TABLES;

--
-- Table structure for table `grant_grant`
--

DROP TABLE IF EXISTS `grant_grant`;
/*!40101 SET @saved_cs_client     = @@character_set_client */;
/*!40101 SET character_set_client = utf8 */;
CREATE TABLE `grant_grant` (
  `id` int(11) NOT NULL AUTO_INCREMENT,
  `created` datetime(6) NOT NULL,
  `modified` datetime(6) NOT NULL,
  `title` varchar(255) NOT NULL,
  `grant_number` varchar(255) NOT NULL,
  `role` varchar(10) NOT NULL,
  `grant_pi_full_name` varchar(255) NOT NULL,
  `other_funding_agency` varchar(255) NOT NULL,
  `other_award_number` varchar(255) NOT NULL,
  `grant_start` date NOT NULL,
  `grant_end` date NOT NULL,
  `percent_credit` double NOT NULL,
  `direct_funding` double NOT NULL,
  `total_amount_awarded` double NOT NULL,
  `funding_agency_id` int(11) NOT NULL,
  `project_id` int(11) NOT NULL,
  `status_id` int(11) NOT NULL,
  PRIMARY KEY (`id`),
  KEY `grant_grant_funding_agency_id_1a97c398_fk_grant_gra` (`funding_agency_id`),
  KEY `grant_grant_project_id_0253a10c_fk_project_project_id` (`project_id`),
  KEY `grant_grant_status_id_0f6d02ab_fk_grant_grantstatuschoice_id` (`status_id`),
  CONSTRAINT `grant_grant_funding_agency_id_1a97c398_fk_grant_gra` FOREIGN KEY (`funding_agency_id`) REFERENCES `grant_grantfundingagency` (`id`),
  CONSTRAINT `grant_grant_project_id_0253a10c_fk_project_project_id` FOREIGN KEY (`project_id`) REFERENCES `project_project` (`id`),
  CONSTRAINT `grant_grant_status_id_0f6d02ab_fk_grant_grantstatuschoice_id` FOREIGN KEY (`status_id`) REFERENCES `grant_grantstatuschoice` (`id`)
) ENGINE=InnoDB DEFAULT CHARSET=utf8 COLLATE=utf8_general_ci;
/*!40101 SET character_set_client = @saved_cs_client */;

--
-- Dumping data for table `grant_grant`
--

LOCK TABLES `grant_grant` WRITE;
/*!40000 ALTER TABLE `grant_grant` DISABLE KEYS */;
/*!40000 ALTER TABLE `grant_grant` ENABLE KEYS */;
UNLOCK TABLES;

--
-- Table structure for table `grant_grantfundingagency`
--

DROP TABLE IF EXISTS `grant_grantfundingagency`;
/*!40101 SET @saved_cs_client     = @@character_set_client */;
/*!40101 SET character_set_client = utf8 */;
CREATE TABLE `grant_grantfundingagency` (
  `id` int(11) NOT NULL AUTO_INCREMENT,
  `created` datetime(6) NOT NULL,
  `modified` datetime(6) NOT NULL,
  `name` varchar(255) NOT NULL,
  PRIMARY KEY (`id`),
  UNIQUE KEY `grant_grantfundingagency_name_d31b3da3_uniq` (`name`)
) ENGINE=InnoDB DEFAULT CHARSET=utf8 COLLATE=utf8_general_ci;
/*!40101 SET character_set_client = @saved_cs_client */;

--
-- Dumping data for table `grant_grantfundingagency`
--

LOCK TABLES `grant_grantfundingagency` WRITE;
/*!40000 ALTER TABLE `grant_grantfundingagency` DISABLE KEYS */;
/*!40000 ALTER TABLE `grant_grantfundingagency` ENABLE KEYS */;
UNLOCK TABLES;

--
-- Table structure for table `grant_grantstatuschoice`
--

DROP TABLE IF EXISTS `grant_grantstatuschoice`;
/*!40101 SET @saved_cs_client     = @@character_set_client */;
/*!40101 SET character_set_client = utf8 */;
CREATE TABLE `grant_grantstatuschoice` (
  `id` int(11) NOT NULL AUTO_INCREMENT,
  `created` datetime(6) NOT NULL,
  `modified` datetime(6) NOT NULL,
  `name` varchar(64) NOT NULL,
  PRIMARY KEY (`id`),
  UNIQUE KEY `grant_grantstatuschoice_name_ed58e1d2_uniq` (`name`)
) ENGINE=InnoDB DEFAULT CHARSET=utf8 COLLATE=utf8_general_ci;
/*!40101 SET character_set_client = @saved_cs_client */;

--
-- Dumping data for table `grant_grantstatuschoice`
--

LOCK TABLES `grant_grantstatuschoice` WRITE;
/*!40000 ALTER TABLE `grant_grantstatuschoice` DISABLE KEYS */;
/*!40000 ALTER TABLE `grant_grantstatuschoice` ENABLE KEYS */;
UNLOCK TABLES;

--
-- Table structure for table `grant_historicalgrant`
--

DROP TABLE IF EXISTS `grant_historicalgrant`;
/*!40101 SET @saved_cs_client     = @@character_set_client */;
/*!40101 SET character_set_client = utf8 */;
CREATE TABLE `grant_historicalgrant` (
  `id` int(11) NOT NULL,
  `created` datetime(6) NOT NULL,
  `modified` datetime(6) NOT NULL,
  `title` varchar(255) NOT NULL,
  `grant_number` varchar(255) NOT NULL,
  `role` varchar(10) NOT NULL,
  `grant_pi_full_name` varchar(255) NOT NULL,
  `other_funding_agency` varchar(255) NOT NULL,
  `other_award_number` varchar(255) NOT NULL,
  `grant_start` date NOT NULL,
  `grant_end` date NOT NULL,
  `percent_credit` double NOT NULL,
  `direct_funding` double NOT NULL,
  `total_amount_awarded` double NOT NULL,
  `history_id` int(11) NOT NULL AUTO_INCREMENT,
  `history_date` datetime(6) NOT NULL,
  `history_change_reason` varchar(100) DEFAULT NULL,
  `history_type` varchar(1) NOT NULL,
  `funding_agency_id` int(11) DEFAULT NULL,
  `history_user_id` int(11) DEFAULT NULL,
  `project_id` int(11) DEFAULT NULL,
  `status_id` int(11) DEFAULT NULL,
  PRIMARY KEY (`history_id`),
  KEY `grant_historicalgrant_id_c0d06f7f` (`id`),
  KEY `grant_historicalgrant_funding_agency_id_1d122682` (`funding_agency_id`),
  KEY `grant_historicalgrant_project_id_4390dc4a` (`project_id`),
  KEY `grant_historicalgrant_status_id_78e12bed` (`status_id`),
  KEY `grant_historicalgrant_history_date_5ef5032d` (`history_date`),
  KEY `grant_historicalgrant_history_user_id_718df969_fk` (`history_user_id`),
  CONSTRAINT `grant_historicalgrant_history_user_id_718df969_fk` FOREIGN KEY (`history_user_id`) REFERENCES `ifxuser` (`id`)
) ENGINE=InnoDB DEFAULT CHARSET=utf8 COLLATE=utf8_general_ci;
/*!40101 SET character_set_client = @saved_cs_client */;

--
-- Dumping data for table `grant_historicalgrant`
--

LOCK TABLES `grant_historicalgrant` WRITE;
/*!40000 ALTER TABLE `grant_historicalgrant` DISABLE KEYS */;
/*!40000 ALTER TABLE `grant_historicalgrant` ENABLE KEYS */;
UNLOCK TABLES;

--
-- Table structure for table `ifx_allocationuserproductusage`
--

DROP TABLE IF EXISTS `ifx_allocationuserproductusage`;
/*!40101 SET @saved_cs_client     = @@character_set_client */;
/*!40101 SET character_set_client = utf8 */;
CREATE TABLE `ifx_allocationuserproductusage` (
  `id` int(11) NOT NULL AUTO_INCREMENT,
  `product_usage_id` int(11) NOT NULL,
  `allocation_user_id` int(11) NOT NULL,
  PRIMARY KEY (`id`),
  KEY `ifx_allocationuserpr_allocation_user_id_7d5a876c_fk_allocatio` (`allocation_user_id`),
  KEY `ifx_allocationuserproductusage_product_usage_id_f4585cd8_fk` (`product_usage_id`),
  CONSTRAINT `ifx_allocationuserpr_allocation_user_id_7d5a876c_fk_allocatio` FOREIGN KEY (`allocation_user_id`) REFERENCES `allocation_historicalallocationuser` (`history_id`),
  CONSTRAINT `ifx_allocationuserproductusage_product_usage_id_f4585cd8_fk` FOREIGN KEY (`product_usage_id`) REFERENCES `product_usage` (`id`)
) ENGINE=InnoDB DEFAULT CHARSET=utf8 COLLATE=utf8_general_ci;
/*!40101 SET character_set_client = @saved_cs_client */;

--
-- Dumping data for table `ifx_allocationuserproductusage`
--

LOCK TABLES `ifx_allocationuserproductusage` WRITE;
/*!40000 ALTER TABLE `ifx_allocationuserproductusage` DISABLE KEYS */;
/*!40000 ALTER TABLE `ifx_allocationuserproductusage` ENABLE KEYS */;
UNLOCK TABLES;

--
-- Table structure for table `ifx_productresource`
--

DROP TABLE IF EXISTS `ifx_productresource`;
/*!40101 SET @saved_cs_client     = @@character_set_client */;
/*!40101 SET character_set_client = utf8 */;
CREATE TABLE `ifx_productresource` (
  `id` int(11) NOT NULL AUTO_INCREMENT,
  `product_id` int(11) NOT NULL,
  `resource_id` int(11) NOT NULL,
  PRIMARY KEY (`id`),
  KEY `ifx_productresource_resource_id_225aaec1_fk_resource_resource_id` (`resource_id`),
  KEY `ifx_productresource_product_id_b28fc62a_fk` (`product_id`),
  CONSTRAINT `ifx_productresource_product_id_b28fc62a_fk` FOREIGN KEY (`product_id`) REFERENCES `product` (`id`),
  CONSTRAINT `ifx_productresource_resource_id_225aaec1_fk_resource_resource_id` FOREIGN KEY (`resource_id`) REFERENCES `resource_resource` (`id`)
) ENGINE=InnoDB AUTO_INCREMENT=2 DEFAULT CHARSET=utf8 COLLATE=utf8_general_ci;
/*!40101 SET character_set_client = @saved_cs_client */;

--
-- Dumping data for table `ifx_productresource`
--

LOCK TABLES `ifx_productresource` WRITE;
/*!40000 ALTER TABLE `ifx_productresource` DISABLE KEYS */;
INSERT INTO `ifx_productresource` VALUES (1,1,7);
/*!40000 ALTER TABLE `ifx_productresource` ENABLE KEYS */;
UNLOCK TABLES;

--
-- Table structure for table `ifx_projectorganization`
--

DROP TABLE IF EXISTS `ifx_projectorganization`;
/*!40101 SET @saved_cs_client     = @@character_set_client */;
/*!40101 SET character_set_client = utf8 */;
CREATE TABLE `ifx_projectorganization` (
  `id` int(11) NOT NULL AUTO_INCREMENT,
  `organization_id` int(11) NOT NULL,
  `project_id` int(11) NOT NULL,
  PRIMARY KEY (`id`),
  UNIQUE KEY `ifx_projectorganization_organization_id_project_id_d4b8cdfe_uniq` (`organization_id`,`project_id`),
  KEY `ifx_projectorganizat_project_id_445cbdbe_fk_project_p` (`project_id`),
  CONSTRAINT `ifx_projectorganizat_project_id_445cbdbe_fk_project_p` FOREIGN KEY (`project_id`) REFERENCES `project_project` (`id`),
  CONSTRAINT `ifx_projectorganization_organization_id_9f59e019_fk` FOREIGN KEY (`organization_id`) REFERENCES `nanites_organization` (`id`)
) ENGINE=InnoDB DEFAULT CHARSET=utf8 COLLATE=utf8_general_ci;
/*!40101 SET character_set_client = @saved_cs_client */;

--
-- Dumping data for table `ifx_projectorganization`
--

LOCK TABLES `ifx_projectorganization` WRITE;
/*!40000 ALTER TABLE `ifx_projectorganization` DISABLE KEYS */;
/*!40000 ALTER TABLE `ifx_projectorganization` ENABLE KEYS */;
UNLOCK TABLES;

--
-- Table structure for table `ifxreport_reportrun`
--

DROP TABLE IF EXISTS `ifxreport_reportrun`;
/*!40101 SET @saved_cs_client     = @@character_set_client */;
/*!40101 SET character_set_client = utf8 */;
CREATE TABLE `ifxreport_reportrun` (
  `id` int(11) NOT NULL AUTO_INCREMENT,
  `date_range` varchar(50) NOT NULL,
  `text_file_path` varchar(255) DEFAULT NULL,
  `xls_file_path` varchar(255) DEFAULT NULL,
  `report_id` int(11) NOT NULL,
  `url_root` varchar(255) DEFAULT NULL,
  `updated` datetime(6) NOT NULL,
  PRIMARY KEY (`id`),
  KEY `ifxreport_reportrun_report_id_d86b9a7e_fk` (`report_id`),
  CONSTRAINT `ifxreport_reportrun_report_id_d86b9a7e_fk` FOREIGN KEY (`report_id`) REFERENCES `report` (`id`)
) ENGINE=InnoDB DEFAULT CHARSET=utf8 COLLATE=utf8_general_ci;
/*!40101 SET character_set_client = @saved_cs_client */;

--
-- Dumping data for table `ifxreport_reportrun`
--

LOCK TABLES `ifxreport_reportrun` WRITE;
/*!40000 ALTER TABLE `ifxreport_reportrun` DISABLE KEYS */;
/*!40000 ALTER TABLE `ifxreport_reportrun` ENABLE KEYS */;
UNLOCK TABLES;

--
-- Table structure for table `ifxreport_testdata`
--

DROP TABLE IF EXISTS `ifxreport_testdata`;
/*!40101 SET @saved_cs_client     = @@character_set_client */;
/*!40101 SET character_set_client = utf8 */;
CREATE TABLE `ifxreport_testdata` (
  `id` int(11) NOT NULL AUTO_INCREMENT,
  `usage_date` datetime(6) NOT NULL,
  `decimal_quantity` decimal(19,4) NOT NULL,
  `text` varchar(200) NOT NULL,
  PRIMARY KEY (`id`)
) ENGINE=InnoDB DEFAULT CHARSET=utf8 COLLATE=utf8_general_ci;
/*!40101 SET character_set_client = @saved_cs_client */;

--
-- Dumping data for table `ifxreport_testdata`
--

LOCK TABLES `ifxreport_testdata` WRITE;
/*!40000 ALTER TABLE `ifxreport_testdata` DISABLE KEYS */;
/*!40000 ALTER TABLE `ifxreport_testdata` ENABLE KEYS */;
UNLOCK TABLES;

--
-- Table structure for table `ifxuser`
--

DROP TABLE IF EXISTS `ifxuser`;
/*!40101 SET @saved_cs_client     = @@character_set_client */;
/*!40101 SET character_set_client = utf8 */;
CREATE TABLE `ifxuser` (
  `id` int(11) NOT NULL AUTO_INCREMENT,
  `password` varchar(128) NOT NULL,
  `last_login` datetime(6) DEFAULT NULL,
  `is_superuser` tinyint(1) NOT NULL,
  `ifxid` varchar(20) DEFAULT NULL,
  `full_name` varchar(255) DEFAULT NULL,
  `hkeymail` varchar(255) DEFAULT NULL,
  `username` varchar(150) NOT NULL,
  `first_name` varchar(30) NOT NULL,
  `last_name` varchar(150) DEFAULT NULL,
  `email` varchar(254) NOT NULL,
  `is_staff` tinyint(1) NOT NULL,
  `is_active` tinyint(1) NOT NULL,
  `date_joined` datetime(6) NOT NULL,
  `last_update` datetime(6) NOT NULL,
  `primary_affiliation_id` int(11) DEFAULT NULL,
  PRIMARY KEY (`id`),
  UNIQUE KEY `username` (`username`),
  UNIQUE KEY `ifxuser_natural_key` (`username`),
  KEY `ifxuser_primary_affiliation_id_4e73028d_fk` (`primary_affiliation_id`),
  CONSTRAINT `ifxuser_primary_affiliation_id_4e73028d_fk` FOREIGN KEY (`primary_affiliation_id`) REFERENCES `nanites_organization` (`id`)
) ENGINE=InnoDB AUTO_INCREMENT=21 DEFAULT CHARSET=utf8 COLLATE=utf8_general_ci;
/*!40101 SET character_set_client = @saved_cs_client */;

--
-- Dumping data for table `ifxuser`
--

LOCK TABLES `ifxuser` WRITE;
/*!40000 ALTER TABLE `ifxuser` DISABLE KEYS */;
INSERT INTO `ifxuser` VALUES (1,'pbkdf2_sha256$600000$dZEzMMIQXhxR1zx2advwS4$KvD4eShSyrJPmymI11tEnaePjTQkq/zOEH7Opr2ka4o=','2024-10-10 23:53:12.210745',1,NULL,NULL,NULL,'rc_coldfront','',NULL,'rc_coldfront@example.com',1,1,'2024-10-10 00:23:57.434636','2024-10-10 00:23:57.794501',NULL),(2,'',NULL,0,NULL,'John Doe',NULL,'jdoe','John','Doe','jdoe@example.com',0,1,'2024-10-10 00:56:57.131536','2024-10-10 01:06:35.486321',NULL),(3,'',NULL,0,NULL,'Anna Andersson',NULL,'aandersson','Anna','Andersson','aandersson@example.com',0,1,'2024-10-10 00:56:57.215734','2024-10-10 01:06:35.492577',NULL),(4,'',NULL,0,NULL,'Anna Kowalska',NULL,'akowalska','Anna','Kowalska','akowalska@example.com',0,1,'2024-10-10 00:56:57.232396','2024-10-10 01:06:35.498292',NULL),(5,'',NULL,0,NULL,'Carmen Espanola',NULL,'cespanola','Carmen','Espanola','cespanola@example.com',0,1,'2024-10-10 00:56:57.239285','2024-10-10 01:06:35.502099',NULL),(6,'',NULL,0,NULL,'Eva Novakova',NULL,'enovakova','Eva','Novakova','enovakova@example.com',0,1,'2024-10-10 00:56:57.246555','2024-10-10 01:06:35.505262',NULL),(7,'',NULL,0,NULL,'Hong Kildong',NULL,'hkildong','Hong','Kildong','hkildong@example.com',0,1,'2024-10-10 00:56:57.255397','2024-10-10 01:06:35.510630',NULL),(8,'',NULL,0,NULL,'Ivan Sidorov',NULL,'isidorov','Ivan','Sidorov','isidorov@example.com',0,1,'2024-10-10 00:56:57.261611','2024-10-10 01:06:35.518731',NULL),(9,'',NULL,0,NULL,'Jon Jonsson',NULL,'jjonsson','Jon','Jonsson','jjonsson@example.com',0,1,'2024-10-10 00:56:57.268305','2024-10-10 01:06:35.523714',NULL),(10,'',NULL,0,NULL,'Marie Dupont',NULL,'mdupont','Marie','Dupont','mdupont@example.com',0,1,'2024-10-10 00:56:57.276748','2024-10-10 01:06:35.529520',NULL),(11,'',NULL,0,NULL,'Minta Janos',NULL,'mjanos','Minta','Janos','mjanos@example.com',0,1,'2024-10-10 00:56:57.283464','2024-10-10 01:06:35.534323',NULL),(12,'',NULL,0,NULL,'Max Mustermann',NULL,'mmustermann','Max','Mustermann','mmustermann@example.com',0,1,'2024-10-10 00:56:57.288541','2024-10-10 01:06:35.537617',NULL),(13,'',NULL,0,NULL,'Maria Rossi',NULL,'mrossi','Maria','Rossi','mrossi@example.com',0,1,'2024-10-10 00:56:57.293313','2024-10-10 01:06:35.541634',NULL),(14,'',NULL,0,NULL,'Numerius Negidius',NULL,'nnegidius','Numerius','Negidius','nnegidius@example.com',0,1,'2024-10-10 00:56:57.298025','2024-10-10 01:06:35.546946',NULL),(15,'',NULL,0,NULL,'Otto Nordmann',NULL,'onordmann','Otto','Nordmann','onordmann@example.com',0,1,'2024-10-10 00:56:57.301877','2024-10-10 01:06:35.550034',NULL),(16,'',NULL,0,NULL,'Petr Ivanov',NULL,'pivanov','Petr','Ivanov','pivanov@example.com',0,1,'2024-10-10 00:56:57.306498','2024-10-10 01:06:35.553762',NULL),(17,'',NULL,0,NULL,'Sven Svensson',NULL,'ssvensson','Sven','Svensson','ssvensson@example.com',0,1,'2024-10-10 00:56:57.310581','2024-10-10 01:06:35.559063',NULL),(18,'',NULL,0,NULL,'Taro Yamada',NULL,'tyamada','Taro','Yamada','tyamada@example.com',0,1,'2024-10-10 00:56:57.316581','2024-10-10 01:06:35.571956',NULL),(19,'',NULL,0,NULL,'Willeke de Bruijn',NULL,'wdebruijn','Willeke','Bruijn','wdebruijn@example.com',0,1,'2024-10-10 00:56:57.322264','2024-10-10 01:06:35.581285',NULL),(20,'',NULL,0,NULL,'Yossi Cohen',NULL,'ycohen','Yossi','Cohen','ycohen@example.com',0,1,'2024-10-10 00:56:57.328595','2024-10-10 01:06:35.586966',NULL);
/*!40000 ALTER TABLE `ifxuser` ENABLE KEYS */;
UNLOCK TABLES;

--
-- Table structure for table `ifxuser_groups`
--

DROP TABLE IF EXISTS `ifxuser_groups`;
/*!40101 SET @saved_cs_client     = @@character_set_client */;
/*!40101 SET character_set_client = utf8 */;
CREATE TABLE `ifxuser_groups` (
  `id` int(11) NOT NULL AUTO_INCREMENT,
  `ifxuser_id` int(11) NOT NULL,
  `group_id` int(11) NOT NULL,
  PRIMARY KEY (`id`),
  UNIQUE KEY `ifxuser_groups_ifxuser_id_group_id_2814d700_uniq` (`ifxuser_id`,`group_id`),
  KEY `ifxuser_groups_group_id_37ff8bc0_fk_auth_group_id` (`group_id`),
  CONSTRAINT `ifxuser_groups_group_id_37ff8bc0_fk_auth_group_id` FOREIGN KEY (`group_id`) REFERENCES `auth_group` (`id`),
  CONSTRAINT `ifxuser_groups_ifxuser_id_4fa8bf37_fk` FOREIGN KEY (`ifxuser_id`) REFERENCES `ifxuser` (`id`)
) ENGINE=InnoDB DEFAULT CHARSET=utf8 COLLATE=utf8_general_ci;
/*!40101 SET character_set_client = @saved_cs_client */;

--
-- Dumping data for table `ifxuser_groups`
--

LOCK TABLES `ifxuser_groups` WRITE;
/*!40000 ALTER TABLE `ifxuser_groups` DISABLE KEYS */;
/*!40000 ALTER TABLE `ifxuser_groups` ENABLE KEYS */;
UNLOCK TABLES;

--
-- Table structure for table `ifxuser_user_permissions`
--

DROP TABLE IF EXISTS `ifxuser_user_permissions`;
/*!40101 SET @saved_cs_client     = @@character_set_client */;
/*!40101 SET character_set_client = utf8 */;
CREATE TABLE `ifxuser_user_permissions` (
  `id` int(11) NOT NULL AUTO_INCREMENT,
  `ifxuser_id` int(11) NOT NULL,
  `permission_id` int(11) NOT NULL,
  PRIMARY KEY (`id`),
  UNIQUE KEY `ifxuser_user_permissions_ifxuser_id_permission_id_9fd97906_uniq` (`ifxuser_id`,`permission_id`),
  KEY `ifxuser_user_permiss_permission_id_b03693a0_fk_auth_perm` (`permission_id`),
  CONSTRAINT `ifxuser_user_permiss_permission_id_b03693a0_fk_auth_perm` FOREIGN KEY (`permission_id`) REFERENCES `auth_permission` (`id`),
  CONSTRAINT `ifxuser_user_permissions_ifxuser_id_7daba020_fk` FOREIGN KEY (`ifxuser_id`) REFERENCES `ifxuser` (`id`)
) ENGINE=InnoDB DEFAULT CHARSET=utf8 COLLATE=utf8_general_ci;
/*!40101 SET character_set_client = @saved_cs_client */;

--
-- Dumping data for table `ifxuser_user_permissions`
--

LOCK TABLES `ifxuser_user_permissions` WRITE;
/*!40000 ALTER TABLE `ifxuser_user_permissions` DISABLE KEYS */;
/*!40000 ALTER TABLE `ifxuser_user_permissions` ENABLE KEYS */;
UNLOCK TABLES;

--
-- Table structure for table `nanites_contact`
--

DROP TABLE IF EXISTS `nanites_contact`;
/*!40101 SET @saved_cs_client     = @@character_set_client */;
/*!40101 SET character_set_client = utf8 */;
CREATE TABLE `nanites_contact` (
  `id` int(11) NOT NULL AUTO_INCREMENT,
  `name` varchar(100) DEFAULT NULL,
  `type` varchar(20) NOT NULL,
  `detail` varchar(255) NOT NULL,
  `phone` varchar(255) DEFAULT NULL,
  `address` varchar(255) DEFAULT NULL,
  `is_valid` tinyint(1) NOT NULL,
  `created` datetime(6) NOT NULL,
  `ifxcon` varchar(16) DEFAULT NULL,
  `application_key` varchar(100) DEFAULT NULL,
  PRIMARY KEY (`id`),
  UNIQUE KEY `nanites_contact_type_detail_01b88af3_uniq` (`type`,`detail`)
) ENGINE=InnoDB DEFAULT CHARSET=utf8 COLLATE=utf8_general_ci;
/*!40101 SET character_set_client = @saved_cs_client */;

--
-- Dumping data for table `nanites_contact`
--

LOCK TABLES `nanites_contact` WRITE;
/*!40000 ALTER TABLE `nanites_contact` DISABLE KEYS */;
/*!40000 ALTER TABLE `nanites_contact` ENABLE KEYS */;
UNLOCK TABLES;

--
-- Table structure for table `nanites_ifxuser_affiliation`
--

DROP TABLE IF EXISTS `nanites_ifxuser_affiliation`;
/*!40101 SET @saved_cs_client     = @@character_set_client */;
/*!40101 SET character_set_client = utf8 */;
CREATE TABLE `nanites_ifxuser_affiliation` (
  `id` int(11) NOT NULL AUTO_INCREMENT,
  `role` varchar(50) NOT NULL,
  `ifxuser_id` int(11) NOT NULL,
  `organization_id` int(11) NOT NULL,
  PRIMARY KEY (`id`),
  UNIQUE KEY `nanites_ifxuser_affiliat_ifxuser_id_organization__18aa5cb9_uniq` (`ifxuser_id`,`organization_id`),
  KEY `nanites_ifxuser_affiliation_organization_id_bb2e5a31_fk` (`organization_id`),
  CONSTRAINT `nanites_ifxuser_affiliation_ifxuser_id_02c1abaf_fk` FOREIGN KEY (`ifxuser_id`) REFERENCES `ifxuser` (`id`),
  CONSTRAINT `nanites_ifxuser_affiliation_organization_id_bb2e5a31_fk` FOREIGN KEY (`organization_id`) REFERENCES `nanites_organization` (`id`)
) ENGINE=InnoDB DEFAULT CHARSET=utf8 COLLATE=utf8_general_ci;
/*!40101 SET character_set_client = @saved_cs_client */;

--
-- Dumping data for table `nanites_ifxuser_affiliation`
--

LOCK TABLES `nanites_ifxuser_affiliation` WRITE;
/*!40000 ALTER TABLE `nanites_ifxuser_affiliation` DISABLE KEYS */;
/*!40000 ALTER TABLE `nanites_ifxuser_affiliation` ENABLE KEYS */;
UNLOCK TABLES;

--
-- Table structure for table `nanites_org_relation`
--

DROP TABLE IF EXISTS `nanites_org_relation`;
/*!40101 SET @saved_cs_client     = @@character_set_client */;
/*!40101 SET character_set_client = utf8 */;
CREATE TABLE `nanites_org_relation` (
  `id` int(11) NOT NULL AUTO_INCREMENT,
  `child_id` int(11) NOT NULL,
  `parent_id` int(11) NOT NULL,
  PRIMARY KEY (`id`),
  UNIQUE KEY `nanites_org_relation_child_id_parent_id_b31f96b3_uniq` (`child_id`,`parent_id`),
  KEY `nanites_org_relation_parent_id_e0513977_fk` (`parent_id`),
  CONSTRAINT `nanites_org_relation_child_id_5df9fa50_fk` FOREIGN KEY (`child_id`) REFERENCES `nanites_organization` (`id`),
  CONSTRAINT `nanites_org_relation_parent_id_e0513977_fk` FOREIGN KEY (`parent_id`) REFERENCES `nanites_organization` (`id`)
) ENGINE=InnoDB DEFAULT CHARSET=utf8 COLLATE=utf8_general_ci;
/*!40101 SET character_set_client = @saved_cs_client */;

--
-- Dumping data for table `nanites_org_relation`
--

LOCK TABLES `nanites_org_relation` WRITE;
/*!40000 ALTER TABLE `nanites_org_relation` DISABLE KEYS */;
/*!40000 ALTER TABLE `nanites_org_relation` ENABLE KEYS */;
UNLOCK TABLES;

--
-- Table structure for table `nanites_organization`
--

DROP TABLE IF EXISTS `nanites_organization`;
/*!40101 SET @saved_cs_client     = @@character_set_client */;
/*!40101 SET character_set_client = utf8 */;
CREATE TABLE `nanites_organization` (
  `id` int(11) NOT NULL AUTO_INCREMENT,
  `ifxorg` varchar(16) DEFAULT NULL,
  `name` varchar(100) NOT NULL,
  `rank` varchar(50) NOT NULL,
  `org_tree` varchar(50) NOT NULL,
  `slug` varchar(255) DEFAULT NULL,
  `code` varchar(30) DEFAULT NULL,
  `application_key` varchar(100) DEFAULT NULL,
  PRIMARY KEY (`id`),
  UNIQUE KEY `nanites_organization_name_rank_org_tree_2f4cf6fd_uniq` (`name`,`rank`,`org_tree`),
  UNIQUE KEY `ifxorg` (`ifxorg`)
) ENGINE=InnoDB DEFAULT CHARSET=utf8 COLLATE=utf8_general_ci;
/*!40101 SET character_set_client = @saved_cs_client */;

--
-- Dumping data for table `nanites_organization`
--

LOCK TABLES `nanites_organization` WRITE;
/*!40000 ALTER TABLE `nanites_organization` DISABLE KEYS */;
/*!40000 ALTER TABLE `nanites_organization` ENABLE KEYS */;
UNLOCK TABLES;

--
-- Table structure for table `nanites_organization_contact`
--

DROP TABLE IF EXISTS `nanites_organization_contact`;
/*!40101 SET @saved_cs_client     = @@character_set_client */;
/*!40101 SET character_set_client = utf8 */;
CREATE TABLE `nanites_organization_contact` (
  `id` int(11) NOT NULL AUTO_INCREMENT,
  `role` varchar(100) NOT NULL,
  `contact_id` int(11) NOT NULL,
  `organization_id` int(11) NOT NULL,
  `active` tinyint(1) NOT NULL,
  PRIMARY KEY (`id`),
  UNIQUE KEY `nanites_organization_con_organization_id_contact__02cd3cfc_uniq` (`organization_id`,`contact_id`,`role`),
  KEY `nanites_organization_contact_contact_id_119b46d7_fk` (`contact_id`),
  CONSTRAINT `nanites_organization_contact_contact_id_119b46d7_fk` FOREIGN KEY (`contact_id`) REFERENCES `nanites_contact` (`id`),
  CONSTRAINT `nanites_organization_contact_organization_id_b989bd15_fk` FOREIGN KEY (`organization_id`) REFERENCES `nanites_organization` (`id`)
) ENGINE=InnoDB DEFAULT CHARSET=utf8 COLLATE=utf8_general_ci;
/*!40101 SET character_set_client = @saved_cs_client */;

--
-- Dumping data for table `nanites_organization_contact`
--

LOCK TABLES `nanites_organization_contact` WRITE;
/*!40000 ALTER TABLE `nanites_organization_contact` DISABLE KEYS */;
/*!40000 ALTER TABLE `nanites_organization_contact` ENABLE KEYS */;
UNLOCK TABLES;

--
-- Table structure for table `nanites_user_affiliation`
--

DROP TABLE IF EXISTS `nanites_user_affiliation`;
/*!40101 SET @saved_cs_client     = @@character_set_client */;
/*!40101 SET character_set_client = utf8 */;
CREATE TABLE `nanites_user_affiliation` (
  `id` int(11) NOT NULL AUTO_INCREMENT,
  `role` varchar(50) NOT NULL,
  `organization_id` int(11) NOT NULL,
  `user_id` int(11) NOT NULL,
  `active` tinyint(1) NOT NULL,
  PRIMARY KEY (`id`),
  UNIQUE KEY `nanites_user_affiliation_user_id_organization_id_31047668_uniq` (`user_id`,`organization_id`),
  KEY `nanites_user_affiliation_organization_id_dd2a87ef_fk` (`organization_id`),
  CONSTRAINT `nanites_user_affiliation_organization_id_dd2a87ef_fk` FOREIGN KEY (`organization_id`) REFERENCES `nanites_organization` (`id`),
  CONSTRAINT `nanites_user_affiliation_user_id_edc075be_fk` FOREIGN KEY (`user_id`) REFERENCES `ifxuser` (`id`)
) ENGINE=InnoDB DEFAULT CHARSET=utf8 COLLATE=utf8_general_ci;
/*!40101 SET character_set_client = @saved_cs_client */;

--
-- Dumping data for table `nanites_user_affiliation`
--

LOCK TABLES `nanites_user_affiliation` WRITE;
/*!40000 ALTER TABLE `nanites_user_affiliation` DISABLE KEYS */;
/*!40000 ALTER TABLE `nanites_user_affiliation` ENABLE KEYS */;
UNLOCK TABLES;

--
-- Table structure for table `organization_rate`
--

DROP TABLE IF EXISTS `organization_rate`;
/*!40101 SET @saved_cs_client     = @@character_set_client */;
/*!40101 SET character_set_client = utf8 */;
CREATE TABLE `organization_rate` (
  `id` int(11) NOT NULL AUTO_INCREMENT,
  `start_date` date NOT NULL,
  `end_date` date DEFAULT NULL,
  `organization_id` int(11) NOT NULL,
  `rate_id` int(11) NOT NULL,
  PRIMARY KEY (`id`),
  KEY `organization_rate_rate_id_3d4399c3_fk` (`rate_id`),
  KEY `organization_rate_organization_id_d8a42c77_fk` (`organization_id`),
  CONSTRAINT `organization_rate_organization_id_d8a42c77_fk` FOREIGN KEY (`organization_id`) REFERENCES `nanites_organization` (`id`),
  CONSTRAINT `organization_rate_rate_id_3d4399c3_fk` FOREIGN KEY (`rate_id`) REFERENCES `rate` (`id`)
) ENGINE=InnoDB DEFAULT CHARSET=utf8 COLLATE=utf8_general_ci;
/*!40101 SET character_set_client = @saved_cs_client */;

--
-- Dumping data for table `organization_rate`
--

LOCK TABLES `organization_rate` WRITE;
/*!40000 ALTER TABLE `organization_rate` DISABLE KEYS */;
/*!40000 ALTER TABLE `organization_rate` ENABLE KEYS */;
UNLOCK TABLES;

--
-- Table structure for table `product`
--

DROP TABLE IF EXISTS `product`;
/*!40101 SET @saved_cs_client     = @@character_set_client */;
/*!40101 SET character_set_client = utf8 */;
CREATE TABLE `product` (
  `id` int(11) NOT NULL AUTO_INCREMENT,
  `product_number` varchar(14) NOT NULL,
  `product_name` varchar(50) NOT NULL,
  `product_description` varchar(4000) NOT NULL,
  `billing_calculator` varchar(100) NOT NULL,
  `reporting_group` varchar(100) DEFAULT NULL,
  `billable` tinyint(1) NOT NULL,
  `facility_id` int(11) NOT NULL,
  `parent_id` int(11) DEFAULT NULL,
  `product_category` varchar(100) DEFAULT NULL,
  `object_code_category` varchar(100) DEFAULT NULL,
  PRIMARY KEY (`id`),
  UNIQUE KEY `product_number` (`product_number`),
  UNIQUE KEY `product_name` (`product_name`),
  UNIQUE KEY `product_natural_key` (`product_number`),
  KEY `product_facility_id_044bebe8_fk` (`facility_id`),
  KEY `product_parent_id_75363590_fk` (`parent_id`),
  CONSTRAINT `product_facility_id_044bebe8_fk` FOREIGN KEY (`facility_id`) REFERENCES `facility` (`id`),
  CONSTRAINT `product_parent_id_75363590_fk` FOREIGN KEY (`parent_id`) REFERENCES `product` (`id`)
) ENGINE=InnoDB AUTO_INCREMENT=2 DEFAULT CHARSET=utf8 COLLATE=utf8_general_ci;
/*!40101 SET character_set_client = @saved_cs_client */;

--
-- Dumping data for table `product`
--

LOCK TABLES `product` WRITE;
/*!40000 ALTER TABLE `product` DISABLE KEYS */;
INSERT INTO `product` VALUES (1,'IFXP0000000100','hpc','hpc cluster','ifxbilling.calculator.BasicBillingCalculator',NULL,1,1,NULL,NULL,'Technical Services');
/*!40000 ALTER TABLE `product` ENABLE KEYS */;
UNLOCK TABLES;

--
-- Table structure for table `product_usage`
--

DROP TABLE IF EXISTS `product_usage`;
/*!40101 SET @saved_cs_client     = @@character_set_client */;
/*!40101 SET character_set_client = utf8 */;
CREATE TABLE `product_usage` (
  `id` int(11) NOT NULL AUTO_INCREMENT,
  `year` int(11) NOT NULL,
  `month` int(11) NOT NULL,
  `quantity` bigint(20) NOT NULL,
  `units` varchar(100) NOT NULL,
  `description` varchar(2000) DEFAULT NULL,
  `created` datetime(6) NOT NULL,
  `updated` datetime(6) NOT NULL,
  `start_date` datetime(6) NOT NULL,
  `end_date` datetime(6) DEFAULT NULL,
  `logged_by_id` int(11) NOT NULL,
  `organization_id` int(11) NOT NULL,
  `product_id` int(11) NOT NULL,
  `product_user_id` int(11) NOT NULL,
  `decimal_quantity` decimal(19,4) DEFAULT NULL,
  PRIMARY KEY (`id`),
  KEY `product_usage_product_id_3aebcd5d_fk` (`product_id`),
  KEY `product_usage_logged_by_id_8c4417a6_fk` (`logged_by_id`),
  KEY `product_usage_product_user_id_16a2c540_fk` (`product_user_id`),
  KEY `product_usage_organization_id_0c10189a_fk` (`organization_id`),
  CONSTRAINT `product_usage_logged_by_id_8c4417a6_fk` FOREIGN KEY (`logged_by_id`) REFERENCES `ifxuser` (`id`),
  CONSTRAINT `product_usage_organization_id_0c10189a_fk` FOREIGN KEY (`organization_id`) REFERENCES `nanites_organization` (`id`),
  CONSTRAINT `product_usage_product_id_3aebcd5d_fk` FOREIGN KEY (`product_id`) REFERENCES `product` (`id`),
  CONSTRAINT `product_usage_product_user_id_16a2c540_fk` FOREIGN KEY (`product_user_id`) REFERENCES `ifxuser` (`id`)
) ENGINE=InnoDB DEFAULT CHARSET=utf8 COLLATE=utf8_general_ci;
/*!40101 SET character_set_client = @saved_cs_client */;

--
-- Dumping data for table `product_usage`
--

LOCK TABLES `product_usage` WRITE;
/*!40000 ALTER TABLE `product_usage` DISABLE KEYS */;
/*!40000 ALTER TABLE `product_usage` ENABLE KEYS */;
UNLOCK TABLES;

--
-- Table structure for table `product_usage_processing`
--

DROP TABLE IF EXISTS `product_usage_processing`;
/*!40101 SET @saved_cs_client     = @@character_set_client */;
/*!40101 SET character_set_client = utf8 */;
CREATE TABLE `product_usage_processing` (
  `id` int(11) NOT NULL AUTO_INCREMENT,
  `error_message` varchar(2000) DEFAULT NULL,
  `resolved` tinyint(1) NOT NULL,
  `created` datetime(6) NOT NULL,
  `updated` datetime(6) NOT NULL,
  `product_usage_id` int(11) NOT NULL,
  PRIMARY KEY (`id`),
  KEY `product_usage_processing_product_usage_id_5a7cf173_fk` (`product_usage_id`),
  CONSTRAINT `product_usage_processing_product_usage_id_5a7cf173_fk` FOREIGN KEY (`product_usage_id`) REFERENCES `product_usage` (`id`)
) ENGINE=InnoDB DEFAULT CHARSET=utf8 COLLATE=utf8_general_ci;
/*!40101 SET character_set_client = @saved_cs_client */;

--
-- Dumping data for table `product_usage_processing`
--

LOCK TABLES `product_usage_processing` WRITE;
/*!40000 ALTER TABLE `product_usage_processing` DISABLE KEYS */;
/*!40000 ALTER TABLE `product_usage_processing` ENABLE KEYS */;
UNLOCK TABLES;

--
-- Table structure for table `project_attributetype`
--

DROP TABLE IF EXISTS `project_attributetype`;
/*!40101 SET @saved_cs_client     = @@character_set_client */;
/*!40101 SET character_set_client = utf8 */;
CREATE TABLE `project_attributetype` (
  `id` int(11) NOT NULL AUTO_INCREMENT,
  `created` datetime(6) NOT NULL,
  `modified` datetime(6) NOT NULL,
  `name` varchar(64) NOT NULL,
  PRIMARY KEY (`id`)
) ENGINE=InnoDB AUTO_INCREMENT=6 DEFAULT CHARSET=utf8 COLLATE=utf8_general_ci;
/*!40101 SET character_set_client = @saved_cs_client */;

--
-- Dumping data for table `project_attributetype`
--

LOCK TABLES `project_attributetype` WRITE;
/*!40000 ALTER TABLE `project_attributetype` DISABLE KEYS */;
INSERT INTO `project_attributetype` VALUES (1,'2024-10-10 01:19:48.679274','2024-10-10 01:19:48.679274','Date'),(2,'2024-10-10 01:19:48.686039','2024-10-10 01:19:48.686039','Float'),(3,'2024-10-10 01:19:48.693734','2024-10-10 01:19:48.693734','Int'),(4,'2024-10-10 01:19:48.697602','2024-10-10 01:19:48.697602','Text'),(5,'2024-10-10 01:19:48.701263','2024-10-10 01:19:48.701263','Yes/No');
/*!40000 ALTER TABLE `project_attributetype` ENABLE KEYS */;
UNLOCK TABLES;

--
-- Table structure for table `project_historicalproject`
--

DROP TABLE IF EXISTS `project_historicalproject`;
/*!40101 SET @saved_cs_client     = @@character_set_client */;
/*!40101 SET character_set_client = utf8 */;
CREATE TABLE `project_historicalproject` (
  `id` int(11) NOT NULL,
  `created` datetime(6) NOT NULL,
  `modified` datetime(6) NOT NULL,
  `title` varchar(255) NOT NULL,
  `description` longtext NOT NULL,
  `force_review` tinyint(1) NOT NULL,
  `requires_review` tinyint(1) NOT NULL,
  `history_id` int(11) NOT NULL AUTO_INCREMENT,
  `history_date` datetime(6) NOT NULL,
  `history_change_reason` varchar(100) DEFAULT NULL,
  `history_type` varchar(1) NOT NULL,
  `field_of_science_id` int(11) DEFAULT NULL,
  `history_user_id` int(11) DEFAULT NULL,
  `pi_id` int(11) DEFAULT NULL,
  `status_id` int(11) DEFAULT NULL,
  `parent_project_id` int(11) DEFAULT NULL,
  PRIMARY KEY (`history_id`),
  KEY `project_historicalproject_id_60dca169` (`id`),
  KEY `project_historicalproject_field_of_science_id_d081d0e2` (`field_of_science_id`),
  KEY `project_historicalproject_pi_id_eeac0a31` (`pi_id`),
  KEY `project_historicalproject_status_id_568bbfc1` (`status_id`),
  KEY `project_historicalproject_history_date_c01ad32d` (`history_date`),
  KEY `project_historicalproject_history_user_id_e17300cc_fk` (`history_user_id`),
  KEY `project_historicalproject_title_b2a23fab` (`title`),
  KEY `project_historicalproject_parent_project_id_d6b9e822` (`parent_project_id`),
  CONSTRAINT `project_historicalproject_history_user_id_e17300cc_fk` FOREIGN KEY (`history_user_id`) REFERENCES `ifxuser` (`id`)
) ENGINE=InnoDB AUTO_INCREMENT=23 DEFAULT CHARSET=utf8 COLLATE=utf8_general_ci;
/*!40101 SET character_set_client = @saved_cs_client */;

--
-- Dumping data for table `project_historicalproject`
--

LOCK TABLES `project_historicalproject` WRITE;
/*!40000 ALTER TABLE `project_historicalproject` DISABLE KEYS */;
INSERT INTO `project_historicalproject` VALUES (2,'2024-10-10 01:32:14.083010','2024-10-10 01:32:14.083010','doe_lab','We do not have information about your research. Please provide a detailed description of your work.',0,1,1,'2024-10-10 01:32:14.091728',NULL,'+',149,NULL,2,2,NULL),(3,'2024-10-10 01:32:14.110809','2024-10-10 01:32:14.110809','doe_dev','We do not have information about your research. Please provide a detailed description of your work.',0,1,2,'2024-10-10 01:32:14.115486',NULL,'+',149,NULL,2,2,NULL),(4,'2024-10-10 01:32:14.122670','2024-10-10 01:32:14.122670','doe_fellows','We do not have information about your research. Please provide a detailed description of your work.',0,1,3,'2024-10-10 01:32:14.129824',NULL,'+',149,NULL,2,2,NULL),(5,'2024-10-10 01:32:14.134545','2024-10-10 01:32:14.134545','doe_grads','We do not have information about your research. Please provide a detailed description of your work.',0,1,4,'2024-10-10 01:32:14.142058',NULL,'+',149,NULL,2,2,NULL),(6,'2024-10-10 01:32:14.147062','2024-10-10 01:32:14.147062','doe_mustermann_lab','We do not have information about your research. Please provide a detailed description of your work.',0,1,5,'2024-10-10 01:32:14.150542',NULL,'+',149,NULL,2,2,NULL),(7,'2024-10-10 01:32:14.155773','2024-10-10 01:32:14.155773','doe_yamada_lab','We do not have information about your research. Please provide a detailed description of your work.',0,1,6,'2024-10-10 01:32:14.159070',NULL,'+',149,NULL,2,2,NULL),(8,'2024-10-10 01:32:14.164793','2024-10-10 01:32:14.164793','doe_negidius_lab','We do not have information about your research. Please provide a detailed description of your work.',0,1,7,'2024-10-10 01:32:14.168545',NULL,'+',149,NULL,2,2,NULL),(9,'2024-10-10 01:32:14.173311','2024-10-10 01:32:14.173311','doe_sidorov_lab','We do not have information about your research. Please provide a detailed description of your work.',0,1,8,'2024-10-10 01:32:14.176684',NULL,'+',149,NULL,2,2,NULL),(10,'2024-10-10 01:32:14.180540','2024-10-10 01:32:14.180540','mustermann_lab','We do not have information about your research. Please provide a detailed description of your work.',0,1,9,'2024-10-10 01:32:14.183283',NULL,'+',149,NULL,2,2,NULL),(11,'2024-10-10 01:32:14.187161','2024-10-10 01:32:14.187161','yamada_lab','We do not have information about your research. Please provide a detailed description of your work.',0,1,10,'2024-10-10 01:32:14.192972',NULL,'+',149,NULL,2,2,NULL),(12,'2024-10-10 01:32:14.196793','2024-10-10 01:32:14.196793','negidius_lab','We do not have information about your research. Please provide a detailed description of your work.',0,1,11,'2024-10-10 01:32:14.199023',NULL,'+',149,NULL,2,2,NULL),(3,'2024-10-10 01:32:14.110809','2024-10-10 01:34:26.081785','doe_dev','Allocations for doe_dev',0,1,12,'2024-10-10 01:34:26.087012',NULL,'~',149,NULL,2,2,NULL),(4,'2024-10-10 01:32:14.122670','2024-10-10 01:34:26.092586','doe_fellows','Allocations for doe_fellows',0,1,13,'2024-10-10 01:34:26.096575',NULL,'~',149,NULL,2,2,NULL),(5,'2024-10-10 01:32:14.134545','2024-10-10 01:34:26.102533','doe_grads','Allocations for doe_grads',0,1,14,'2024-10-10 01:34:26.107051',NULL,'~',149,NULL,2,2,NULL),(2,'2024-10-10 01:32:14.083010','2024-10-10 01:34:26.111697','doe_lab','Allocations for doe_lab',0,1,15,'2024-10-10 01:34:26.121005',NULL,'~',149,NULL,2,2,NULL),(6,'2024-10-10 01:32:14.147062','2024-10-10 01:34:26.125592','doe_mustermann_lab','Allocations for doe_mustermann_lab',0,1,16,'2024-10-10 01:34:26.128914',NULL,'~',149,NULL,2,2,NULL),(8,'2024-10-10 01:32:14.164793','2024-10-10 01:34:26.131431','doe_negidius_lab','Allocations for doe_negidius_lab',0,1,17,'2024-10-10 01:34:26.134697',NULL,'~',149,NULL,2,2,NULL),(9,'2024-10-10 01:32:14.173311','2024-10-10 01:34:26.138439','doe_sidorov_lab','Allocations for doe_sidorov_lab',0,1,18,'2024-10-10 01:34:26.141288',NULL,'~',149,NULL,2,2,NULL),(7,'2024-10-10 01:32:14.155773','2024-10-10 01:34:26.143430','doe_yamada_lab','Allocations for doe_yamada_lab',0,1,19,'2024-10-10 01:34:26.146083',NULL,'~',149,NULL,2,2,NULL),(10,'2024-10-10 01:32:14.180540','2024-10-10 01:34:26.149303','mustermann_lab','Allocations for mustermann_lab',0,1,20,'2024-10-10 01:34:26.152249',NULL,'~',149,NULL,2,2,NULL),(12,'2024-10-10 01:32:14.196793','2024-10-10 01:34:26.155766','negidius_lab','Allocations for negidius_lab',0,1,21,'2024-10-10 01:34:26.159392',NULL,'~',149,NULL,2,2,NULL),(11,'2024-10-10 01:32:14.187161','2024-10-10 01:34:26.164372','yamada_lab','Allocations for yamada_lab',0,1,22,'2024-10-10 01:34:26.167228',NULL,'~',149,NULL,2,2,NULL);
/*!40000 ALTER TABLE `project_historicalproject` ENABLE KEYS */;
UNLOCK TABLES;

--
-- Table structure for table `project_historicalprojectattribute`
--

DROP TABLE IF EXISTS `project_historicalprojectattribute`;
/*!40101 SET @saved_cs_client     = @@character_set_client */;
/*!40101 SET character_set_client = utf8 */;
CREATE TABLE `project_historicalprojectattribute` (
  `id` int(11) NOT NULL,
  `created` datetime(6) NOT NULL,
  `modified` datetime(6) NOT NULL,
  `value` varchar(128) NOT NULL,
  `history_id` int(11) NOT NULL AUTO_INCREMENT,
  `history_date` datetime(6) NOT NULL,
  `history_change_reason` varchar(100) DEFAULT NULL,
  `history_type` varchar(1) NOT NULL,
  `history_user_id` int(11) DEFAULT NULL,
  `proj_attr_type_id` int(11) DEFAULT NULL,
  `project_id` int(11) DEFAULT NULL,
  PRIMARY KEY (`history_id`),
  KEY `project_historicalprojectattribute_id_b4b16ed4` (`id`),
  KEY `project_historicalprojectattribute_proj_attr_type_id_90fe90b9` (`proj_attr_type_id`),
  KEY `project_historicalprojectattribute_project_id_4590fab6` (`project_id`),
  KEY `project_historicalprojectattribute_history_date_78afa24a` (`history_date`),
  KEY `project_historicalprojectattribute_history_user_id_1f7b76c6_fk` (`history_user_id`),
  CONSTRAINT `project_historicalprojectattribute_history_user_id_1f7b76c6_fk` FOREIGN KEY (`history_user_id`) REFERENCES `ifxuser` (`id`)
) ENGINE=InnoDB DEFAULT CHARSET=utf8 COLLATE=utf8_general_ci;
/*!40101 SET character_set_client = @saved_cs_client */;

--
-- Dumping data for table `project_historicalprojectattribute`
--

LOCK TABLES `project_historicalprojectattribute` WRITE;
/*!40000 ALTER TABLE `project_historicalprojectattribute` DISABLE KEYS */;
/*!40000 ALTER TABLE `project_historicalprojectattribute` ENABLE KEYS */;
UNLOCK TABLES;

--
-- Table structure for table `project_historicalprojectattributetype`
--

DROP TABLE IF EXISTS `project_historicalprojectattributetype`;
/*!40101 SET @saved_cs_client     = @@character_set_client */;
/*!40101 SET character_set_client = utf8 */;
CREATE TABLE `project_historicalprojectattributetype` (
  `id` int(11) NOT NULL,
  `created` datetime(6) NOT NULL,
  `modified` datetime(6) NOT NULL,
  `name` varchar(50) NOT NULL,
  `has_usage` tinyint(1) NOT NULL,
  `is_required` tinyint(1) NOT NULL,
  `is_unique` tinyint(1) NOT NULL,
  `is_private` tinyint(1) NOT NULL,
  `is_changeable` tinyint(1) NOT NULL,
  `history_id` int(11) NOT NULL AUTO_INCREMENT,
  `history_date` datetime(6) NOT NULL,
  `history_change_reason` varchar(100) DEFAULT NULL,
  `history_type` varchar(1) NOT NULL,
  `attribute_type_id` int(11) DEFAULT NULL,
  `history_user_id` int(11) DEFAULT NULL,
  PRIMARY KEY (`history_id`),
  KEY `project_historicalprojectattributetype_id_b53f7104` (`id`),
  KEY `project_historicalprojectat_attribute_type_id_8c087f2f` (`attribute_type_id`),
  KEY `project_historicalprojectattributetype_history_date_ad5d9dc7` (`history_date`),
  KEY `project_historicalproject_history_user_id_5efdbf40_fk` (`history_user_id`),
  CONSTRAINT `project_historicalproject_history_user_id_5efdbf40_fk` FOREIGN KEY (`history_user_id`) REFERENCES `ifxuser` (`id`)
) ENGINE=InnoDB AUTO_INCREMENT=2 DEFAULT CHARSET=utf8 COLLATE=utf8_general_ci;
/*!40101 SET character_set_client = @saved_cs_client */;

--
-- Dumping data for table `project_historicalprojectattributetype`
--

LOCK TABLES `project_historicalprojectattributetype` WRITE;
/*!40000 ALTER TABLE `project_historicalprojectattributetype` DISABLE KEYS */;
INSERT INTO `project_historicalprojectattributetype` VALUES (1,'2024-10-10 01:19:48.706329','2024-10-10 01:19:48.706329','Starfish Zone',0,0,0,0,0,1,'2024-10-10 01:19:48.707591',NULL,'+',3,NULL);
/*!40000 ALTER TABLE `project_historicalprojectattributetype` ENABLE KEYS */;
UNLOCK TABLES;

--
-- Table structure for table `project_historicalprojectattributeusage`
--

DROP TABLE IF EXISTS `project_historicalprojectattributeusage`;
/*!40101 SET @saved_cs_client     = @@character_set_client */;
/*!40101 SET character_set_client = utf8 */;
CREATE TABLE `project_historicalprojectattributeusage` (
  `created` datetime(6) NOT NULL,
  `modified` datetime(6) NOT NULL,
  `value` double NOT NULL,
  `history_id` int(11) NOT NULL AUTO_INCREMENT,
  `history_date` datetime(6) NOT NULL,
  `history_change_reason` varchar(100) DEFAULT NULL,
  `history_type` varchar(1) NOT NULL,
  `history_user_id` int(11) DEFAULT NULL,
  `project_attribute_id` int(11) DEFAULT NULL,
  PRIMARY KEY (`history_id`),
  KEY `project_historicalprojectat_project_attribute_id_e817e9f1` (`project_attribute_id`),
  KEY `project_historicalprojectattributeusage_history_date_24f5a308` (`history_date`),
  KEY `project_historicalproject_history_user_id_1d8d617d_fk` (`history_user_id`),
  CONSTRAINT `project_historicalproject_history_user_id_1d8d617d_fk` FOREIGN KEY (`history_user_id`) REFERENCES `ifxuser` (`id`)
) ENGINE=InnoDB DEFAULT CHARSET=utf8 COLLATE=utf8_general_ci;
/*!40101 SET character_set_client = @saved_cs_client */;

--
-- Dumping data for table `project_historicalprojectattributeusage`
--

LOCK TABLES `project_historicalprojectattributeusage` WRITE;
/*!40000 ALTER TABLE `project_historicalprojectattributeusage` DISABLE KEYS */;
/*!40000 ALTER TABLE `project_historicalprojectattributeusage` ENABLE KEYS */;
UNLOCK TABLES;

--
-- Table structure for table `project_historicalprojectreview`
--

DROP TABLE IF EXISTS `project_historicalprojectreview`;
/*!40101 SET @saved_cs_client     = @@character_set_client */;
/*!40101 SET character_set_client = utf8 */;
CREATE TABLE `project_historicalprojectreview` (
  `id` int(11) NOT NULL,
  `created` datetime(6) NOT NULL,
  `modified` datetime(6) NOT NULL,
  `reason_for_not_updating_project` longtext DEFAULT NULL,
  `history_id` int(11) NOT NULL AUTO_INCREMENT,
  `history_date` datetime(6) NOT NULL,
  `history_change_reason` varchar(100) DEFAULT NULL,
  `history_type` varchar(1) NOT NULL,
  `history_user_id` int(11) DEFAULT NULL,
  `project_id` int(11) DEFAULT NULL,
  `status_id` int(11) DEFAULT NULL,
  PRIMARY KEY (`history_id`),
  KEY `project_historicalprojectreview_id_1953d490` (`id`),
  KEY `project_historicalprojectreview_project_id_1692a058` (`project_id`),
  KEY `project_historicalprojectreview_status_id_d0b59bed` (`status_id`),
  KEY `project_historicalprojectreview_history_date_4a91ff25` (`history_date`),
  KEY `project_historicalprojectreview_history_user_id_2b716e58_fk` (`history_user_id`),
  CONSTRAINT `project_historicalprojectreview_history_user_id_2b716e58_fk` FOREIGN KEY (`history_user_id`) REFERENCES `ifxuser` (`id`)
) ENGINE=InnoDB DEFAULT CHARSET=utf8 COLLATE=utf8_general_ci;
/*!40101 SET character_set_client = @saved_cs_client */;

--
-- Dumping data for table `project_historicalprojectreview`
--

LOCK TABLES `project_historicalprojectreview` WRITE;
/*!40000 ALTER TABLE `project_historicalprojectreview` DISABLE KEYS */;
/*!40000 ALTER TABLE `project_historicalprojectreview` ENABLE KEYS */;
UNLOCK TABLES;

--
-- Table structure for table `project_historicalprojectuser`
--

DROP TABLE IF EXISTS `project_historicalprojectuser`;
/*!40101 SET @saved_cs_client     = @@character_set_client */;
/*!40101 SET character_set_client = utf8 */;
CREATE TABLE `project_historicalprojectuser` (
  `id` int(11) NOT NULL,
  `created` datetime(6) NOT NULL,
  `modified` datetime(6) NOT NULL,
  `enable_notifications` tinyint(1) NOT NULL,
  `history_id` int(11) NOT NULL AUTO_INCREMENT,
  `history_date` datetime(6) NOT NULL,
  `history_change_reason` varchar(100) DEFAULT NULL,
  `history_type` varchar(1) NOT NULL,
  `history_user_id` int(11) DEFAULT NULL,
  `project_id` int(11) DEFAULT NULL,
  `role_id` int(11) DEFAULT NULL,
  `status_id` int(11) DEFAULT NULL,
  `user_id` int(11) DEFAULT NULL,
  PRIMARY KEY (`history_id`),
  KEY `project_historicalprojectuser_id_0c642cb6` (`id`),
  KEY `project_historicalprojectuser_project_id_5a6bf8f6` (`project_id`),
  KEY `project_historicalprojectuser_role_id_65b74013` (`role_id`),
  KEY `project_historicalprojectuser_status_id_967d8a13` (`status_id`),
  KEY `project_historicalprojectuser_user_id_798e9dbb` (`user_id`),
  KEY `project_historicalprojectuser_history_date_5f8f8384` (`history_date`),
  KEY `project_historicalprojectuser_history_user_id_fc0c52b2_fk` (`history_user_id`),
  CONSTRAINT `project_historicalprojectuser_history_user_id_fc0c52b2_fk` FOREIGN KEY (`history_user_id`) REFERENCES `ifxuser` (`id`)
) ENGINE=InnoDB AUTO_INCREMENT=12 DEFAULT CHARSET=utf8 COLLATE=utf8_general_ci;
/*!40101 SET character_set_client = @saved_cs_client */;

--
-- Dumping data for table `project_historicalprojectuser`
--

LOCK TABLES `project_historicalprojectuser` WRITE;
/*!40000 ALTER TABLE `project_historicalprojectuser` DISABLE KEYS */;
INSERT INTO `project_historicalprojectuser` VALUES (1,'2024-10-10 21:21:29.484458','2024-10-10 21:21:29.484458',1,1,'2024-10-10 21:21:29.512952',NULL,'+',NULL,3,5,1,2),(2,'2024-10-10 21:21:29.542107','2024-10-10 21:21:29.542107',1,2,'2024-10-10 21:21:29.546178',NULL,'+',NULL,4,5,1,2),(3,'2024-10-10 21:21:29.558910','2024-10-10 21:21:29.558910',1,3,'2024-10-10 21:21:29.567898',NULL,'+',NULL,5,5,1,2),(4,'2024-10-10 21:21:29.570829','2024-10-10 21:21:29.570829',1,4,'2024-10-10 21:21:29.573646',NULL,'+',NULL,2,5,1,2),(5,'2024-10-10 21:21:29.576833','2024-10-10 21:21:29.576833',1,5,'2024-10-10 21:21:29.581774',NULL,'+',NULL,6,5,1,2),(6,'2024-10-10 21:21:29.587080','2024-10-10 21:21:29.587080',1,6,'2024-10-10 21:21:29.589855',NULL,'+',NULL,8,5,1,2),(7,'2024-10-10 21:21:29.592244','2024-10-10 21:21:29.592244',1,7,'2024-10-10 21:21:29.594635',NULL,'+',NULL,9,5,1,2),(8,'2024-10-10 21:21:29.598716','2024-10-10 21:21:29.598716',1,8,'2024-10-10 21:21:29.601700',NULL,'+',NULL,7,5,1,2),(9,'2024-10-10 21:22:22.980123','2024-10-10 21:22:22.980123',1,9,'2024-10-10 21:22:22.982321',NULL,'+',1,10,5,1,12),(10,'2024-10-10 21:22:55.034162','2024-10-10 21:22:55.034162',1,10,'2024-10-10 21:22:55.035265',NULL,'+',1,12,5,1,14),(11,'2024-10-10 21:23:18.012077','2024-10-10 21:23:18.012077',1,11,'2024-10-10 21:23:18.014441',NULL,'+',1,11,5,1,18);
/*!40000 ALTER TABLE `project_historicalprojectuser` ENABLE KEYS */;
UNLOCK TABLES;

--
-- Table structure for table `project_project`
--

DROP TABLE IF EXISTS `project_project`;
/*!40101 SET @saved_cs_client     = @@character_set_client */;
/*!40101 SET character_set_client = utf8 */;
CREATE TABLE `project_project` (
  `id` int(11) NOT NULL AUTO_INCREMENT,
  `created` datetime(6) NOT NULL,
  `modified` datetime(6) NOT NULL,
  `title` varchar(255) NOT NULL,
  `description` longtext NOT NULL,
  `force_review` tinyint(1) NOT NULL,
  `requires_review` tinyint(1) NOT NULL,
  `field_of_science_id` int(11) NOT NULL,
  `pi_id` int(11) NOT NULL,
  `status_id` int(11) NOT NULL,
  `parent_project_id` int(11) DEFAULT NULL,
  PRIMARY KEY (`id`),
  UNIQUE KEY `project_project_title_pi_id_ca8788ed_uniq` (`title`,`pi_id`),
  UNIQUE KEY `project_project_title_487e86e5_uniq` (`title`),
  KEY `project_project_status_id_78c6e3dd_fk_project_p` (`status_id`),
  KEY `project_project_field_of_science_id_08ebe013_fk_field_of_` (`field_of_science_id`),
  KEY `project_project_pi_id_d89a9e2f_fk` (`pi_id`),
  KEY `project_project_parent_project_id_4ea5ea87_fk_project_project_id` (`parent_project_id`),
  CONSTRAINT `project_project_field_of_science_id_08ebe013_fk_field_of_` FOREIGN KEY (`field_of_science_id`) REFERENCES `field_of_science_fieldofscience` (`id`),
  CONSTRAINT `project_project_parent_project_id_4ea5ea87_fk_project_project_id` FOREIGN KEY (`parent_project_id`) REFERENCES `project_project` (`id`),
  CONSTRAINT `project_project_pi_id_d89a9e2f_fk` FOREIGN KEY (`pi_id`) REFERENCES `ifxuser` (`id`),
  CONSTRAINT `project_project_status_id_78c6e3dd_fk_project_p` FOREIGN KEY (`status_id`) REFERENCES `project_projectstatuschoice` (`id`)
) ENGINE=InnoDB AUTO_INCREMENT=13 DEFAULT CHARSET=utf8 COLLATE=utf8_general_ci;
/*!40101 SET character_set_client = @saved_cs_client */;

--
-- Dumping data for table `project_project`
--

LOCK TABLES `project_project` WRITE;
/*!40000 ALTER TABLE `project_project` DISABLE KEYS */;
INSERT INTO `project_project` VALUES (2,'2024-10-10 01:32:14.083010','2024-10-10 01:34:26.111697','doe_lab','Allocations for doe_lab',0,1,149,2,2,NULL),(3,'2024-10-10 01:32:14.110809','2024-10-10 01:34:26.081785','doe_dev','Allocations for doe_dev',0,1,149,2,2,NULL),(4,'2024-10-10 01:32:14.122670','2024-10-10 01:34:26.092586','doe_fellows','Allocations for doe_fellows',0,1,149,2,2,NULL),(5,'2024-10-10 01:32:14.134545','2024-10-10 01:34:26.102533','doe_grads','Allocations for doe_grads',0,1,149,2,2,NULL),(6,'2024-10-10 01:32:14.147062','2024-10-10 01:34:26.125592','doe_mustermann_lab','Allocations for doe_mustermann_lab',0,1,149,2,2,NULL),(7,'2024-10-10 01:32:14.155773','2024-10-10 01:34:26.143430','doe_yamada_lab','Allocations for doe_yamada_lab',0,1,149,2,2,NULL),(8,'2024-10-10 01:32:14.164793','2024-10-10 01:34:26.131431','doe_negidius_lab','Allocations for doe_negidius_lab',0,1,149,2,2,NULL),(9,'2024-10-10 01:32:14.173311','2024-10-10 01:34:26.138439','doe_sidorov_lab','Allocations for doe_sidorov_lab',0,1,149,2,2,NULL),(10,'2024-10-10 01:32:14.180540','2024-10-10 01:34:26.149303','mustermann_lab','Allocations for mustermann_lab',0,1,149,2,2,NULL),(11,'2024-10-10 01:32:14.187161','2024-10-10 01:34:26.164372','yamada_lab','Allocations for yamada_lab',0,1,149,2,2,NULL),(12,'2024-10-10 01:32:14.196793','2024-10-10 01:34:26.155766','negidius_lab','Allocations for negidius_lab',0,1,149,2,2,NULL);
/*!40000 ALTER TABLE `project_project` ENABLE KEYS */;
UNLOCK TABLES;

--
-- Table structure for table `project_projectadmincomment`
--

DROP TABLE IF EXISTS `project_projectadmincomment`;
/*!40101 SET @saved_cs_client     = @@character_set_client */;
/*!40101 SET character_set_client = utf8 */;
CREATE TABLE `project_projectadmincomment` (
  `id` int(11) NOT NULL AUTO_INCREMENT,
  `created` datetime(6) NOT NULL,
  `modified` datetime(6) NOT NULL,
  `comment` longtext NOT NULL,
  `author_id` int(11) NOT NULL,
  `project_id` int(11) NOT NULL,
  PRIMARY KEY (`id`),
  KEY `project_projectadmin_project_id_3784c2f7_fk_project_p` (`project_id`),
  KEY `project_projectadmincomment_author_id_e2b30f43_fk` (`author_id`),
  CONSTRAINT `project_projectadmin_project_id_3784c2f7_fk_project_p` FOREIGN KEY (`project_id`) REFERENCES `project_project` (`id`),
  CONSTRAINT `project_projectadmincomment_author_id_e2b30f43_fk` FOREIGN KEY (`author_id`) REFERENCES `ifxuser` (`id`)
) ENGINE=InnoDB DEFAULT CHARSET=utf8 COLLATE=utf8_general_ci;
/*!40101 SET character_set_client = @saved_cs_client */;

--
-- Dumping data for table `project_projectadmincomment`
--

LOCK TABLES `project_projectadmincomment` WRITE;
/*!40000 ALTER TABLE `project_projectadmincomment` DISABLE KEYS */;
/*!40000 ALTER TABLE `project_projectadmincomment` ENABLE KEYS */;
UNLOCK TABLES;

--
-- Table structure for table `project_projectattribute`
--

DROP TABLE IF EXISTS `project_projectattribute`;
/*!40101 SET @saved_cs_client     = @@character_set_client */;
/*!40101 SET character_set_client = utf8 */;
CREATE TABLE `project_projectattribute` (
  `id` int(11) NOT NULL AUTO_INCREMENT,
  `created` datetime(6) NOT NULL,
  `modified` datetime(6) NOT NULL,
  `value` varchar(128) NOT NULL,
  `proj_attr_type_id` int(11) NOT NULL,
  `project_id` int(11) NOT NULL,
  PRIMARY KEY (`id`),
  KEY `project_projectattri_proj_attr_type_id_6c39aa56_fk_project_p` (`proj_attr_type_id`),
  KEY `project_projectattri_project_id_8462900b_fk_project_p` (`project_id`),
  CONSTRAINT `project_projectattri_proj_attr_type_id_6c39aa56_fk_project_p` FOREIGN KEY (`proj_attr_type_id`) REFERENCES `project_projectattributetype` (`id`),
  CONSTRAINT `project_projectattri_project_id_8462900b_fk_project_p` FOREIGN KEY (`project_id`) REFERENCES `project_project` (`id`)
) ENGINE=InnoDB DEFAULT CHARSET=utf8 COLLATE=utf8_general_ci;
/*!40101 SET character_set_client = @saved_cs_client */;

--
-- Dumping data for table `project_projectattribute`
--

LOCK TABLES `project_projectattribute` WRITE;
/*!40000 ALTER TABLE `project_projectattribute` DISABLE KEYS */;
/*!40000 ALTER TABLE `project_projectattribute` ENABLE KEYS */;
UNLOCK TABLES;

--
-- Table structure for table `project_projectattributetype`
--

DROP TABLE IF EXISTS `project_projectattributetype`;
/*!40101 SET @saved_cs_client     = @@character_set_client */;
/*!40101 SET character_set_client = utf8 */;
CREATE TABLE `project_projectattributetype` (
  `id` int(11) NOT NULL AUTO_INCREMENT,
  `created` datetime(6) NOT NULL,
  `modified` datetime(6) NOT NULL,
  `name` varchar(50) NOT NULL,
  `has_usage` tinyint(1) NOT NULL,
  `is_required` tinyint(1) NOT NULL,
  `is_unique` tinyint(1) NOT NULL,
  `is_private` tinyint(1) NOT NULL,
  `is_changeable` tinyint(1) NOT NULL,
  `attribute_type_id` int(11) NOT NULL,
  PRIMARY KEY (`id`),
  KEY `project_projectattri_attribute_type_id_e7a260c5_fk_project_a` (`attribute_type_id`),
  CONSTRAINT `project_projectattri_attribute_type_id_e7a260c5_fk_project_a` FOREIGN KEY (`attribute_type_id`) REFERENCES `project_attributetype` (`id`)
) ENGINE=InnoDB AUTO_INCREMENT=2 DEFAULT CHARSET=utf8 COLLATE=utf8_general_ci;
/*!40101 SET character_set_client = @saved_cs_client */;

--
-- Dumping data for table `project_projectattributetype`
--

LOCK TABLES `project_projectattributetype` WRITE;
/*!40000 ALTER TABLE `project_projectattributetype` DISABLE KEYS */;
INSERT INTO `project_projectattributetype` VALUES (1,'2024-10-10 01:19:48.706329','2024-10-10 01:19:48.706329','Starfish Zone',0,0,0,0,0,3);
/*!40000 ALTER TABLE `project_projectattributetype` ENABLE KEYS */;
UNLOCK TABLES;

--
-- Table structure for table `project_projectattributeusage`
--

DROP TABLE IF EXISTS `project_projectattributeusage`;
/*!40101 SET @saved_cs_client     = @@character_set_client */;
/*!40101 SET character_set_client = utf8 */;
CREATE TABLE `project_projectattributeusage` (
  `created` datetime(6) NOT NULL,
  `modified` datetime(6) NOT NULL,
  `project_attribute_id` int(11) NOT NULL,
  `value` double NOT NULL,
  PRIMARY KEY (`project_attribute_id`),
  CONSTRAINT `project_projectattri_project_attribute_id_ae6948c2_fk_project_p` FOREIGN KEY (`project_attribute_id`) REFERENCES `project_projectattribute` (`id`)
) ENGINE=InnoDB DEFAULT CHARSET=utf8 COLLATE=utf8_general_ci;
/*!40101 SET character_set_client = @saved_cs_client */;

--
-- Dumping data for table `project_projectattributeusage`
--

LOCK TABLES `project_projectattributeusage` WRITE;
/*!40000 ALTER TABLE `project_projectattributeusage` DISABLE KEYS */;
/*!40000 ALTER TABLE `project_projectattributeusage` ENABLE KEYS */;
UNLOCK TABLES;

--
-- Table structure for table `project_projectreview`
--

DROP TABLE IF EXISTS `project_projectreview`;
/*!40101 SET @saved_cs_client     = @@character_set_client */;
/*!40101 SET character_set_client = utf8 */;
CREATE TABLE `project_projectreview` (
  `id` int(11) NOT NULL AUTO_INCREMENT,
  `created` datetime(6) NOT NULL,
  `modified` datetime(6) NOT NULL,
  `reason_for_not_updating_project` longtext DEFAULT NULL,
  `project_id` int(11) NOT NULL,
  `status_id` int(11) NOT NULL,
  PRIMARY KEY (`id`),
  KEY `project_projectreview_project_id_ce613a53_fk_project_project_id` (`project_id`),
  KEY `project_projectrevie_status_id_02648ea3_fk_project_p` (`status_id`),
  CONSTRAINT `project_projectrevie_status_id_02648ea3_fk_project_p` FOREIGN KEY (`status_id`) REFERENCES `project_projectreviewstatuschoice` (`id`),
  CONSTRAINT `project_projectreview_project_id_ce613a53_fk_project_project_id` FOREIGN KEY (`project_id`) REFERENCES `project_project` (`id`)
) ENGINE=InnoDB DEFAULT CHARSET=utf8 COLLATE=utf8_general_ci;
/*!40101 SET character_set_client = @saved_cs_client */;

--
-- Dumping data for table `project_projectreview`
--

LOCK TABLES `project_projectreview` WRITE;
/*!40000 ALTER TABLE `project_projectreview` DISABLE KEYS */;
/*!40000 ALTER TABLE `project_projectreview` ENABLE KEYS */;
UNLOCK TABLES;

--
-- Table structure for table `project_projectreviewstatuschoice`
--

DROP TABLE IF EXISTS `project_projectreviewstatuschoice`;
/*!40101 SET @saved_cs_client     = @@character_set_client */;
/*!40101 SET character_set_client = utf8 */;
CREATE TABLE `project_projectreviewstatuschoice` (
  `id` int(11) NOT NULL AUTO_INCREMENT,
  `created` datetime(6) NOT NULL,
  `modified` datetime(6) NOT NULL,
  `name` varchar(64) NOT NULL,
  PRIMARY KEY (`id`)
) ENGINE=InnoDB AUTO_INCREMENT=3 DEFAULT CHARSET=utf8 COLLATE=utf8_general_ci;
/*!40101 SET character_set_client = @saved_cs_client */;

--
-- Dumping data for table `project_projectreviewstatuschoice`
--

LOCK TABLES `project_projectreviewstatuschoice` WRITE;
/*!40000 ALTER TABLE `project_projectreviewstatuschoice` DISABLE KEYS */;
INSERT INTO `project_projectreviewstatuschoice` VALUES (1,'2024-10-10 01:19:48.622129','2024-10-10 01:19:48.622129','Completed'),(2,'2024-10-10 01:19:48.625765','2024-10-10 01:19:48.625765','Pending');
/*!40000 ALTER TABLE `project_projectreviewstatuschoice` ENABLE KEYS */;
UNLOCK TABLES;

--
-- Table structure for table `project_projectstatuschoice`
--

DROP TABLE IF EXISTS `project_projectstatuschoice`;
/*!40101 SET @saved_cs_client     = @@character_set_client */;
/*!40101 SET character_set_client = utf8 */;
CREATE TABLE `project_projectstatuschoice` (
  `id` int(11) NOT NULL AUTO_INCREMENT,
  `created` datetime(6) NOT NULL,
  `modified` datetime(6) NOT NULL,
  `name` varchar(64) NOT NULL,
  PRIMARY KEY (`id`),
  UNIQUE KEY `project_projectstatuschoice_name_1a819fdf_uniq` (`name`)
) ENGINE=InnoDB AUTO_INCREMENT=4 DEFAULT CHARSET=utf8 COLLATE=utf8_general_ci;
/*!40101 SET character_set_client = @saved_cs_client */;

--
-- Dumping data for table `project_projectstatuschoice`
--

LOCK TABLES `project_projectstatuschoice` WRITE;
/*!40000 ALTER TABLE `project_projectstatuschoice` DISABLE KEYS */;
INSERT INTO `project_projectstatuschoice` VALUES (1,'2024-10-10 01:19:48.603903','2024-10-10 01:19:48.603903','New'),(2,'2024-10-10 01:19:48.610163','2024-10-10 01:19:48.610163','Active'),(3,'2024-10-10 01:19:48.617766','2024-10-10 01:19:48.617766','Archived');
/*!40000 ALTER TABLE `project_projectstatuschoice` ENABLE KEYS */;
UNLOCK TABLES;

--
-- Table structure for table `project_projectuser`
--

DROP TABLE IF EXISTS `project_projectuser`;
/*!40101 SET @saved_cs_client     = @@character_set_client */;
/*!40101 SET character_set_client = utf8 */;
CREATE TABLE `project_projectuser` (
  `id` int(11) NOT NULL AUTO_INCREMENT,
  `created` datetime(6) NOT NULL,
  `modified` datetime(6) NOT NULL,
  `enable_notifications` tinyint(1) NOT NULL,
  `project_id` int(11) NOT NULL,
  `role_id` int(11) NOT NULL,
  `status_id` int(11) NOT NULL,
  `user_id` int(11) NOT NULL,
  PRIMARY KEY (`id`),
  UNIQUE KEY `project_projectuser_user_id_project_id_fd102ced_uniq` (`user_id`,`project_id`),
  KEY `project_projectuser_project_id_6e972543_fk_project_project_id` (`project_id`),
  KEY `project_projectuser_role_id_70d4c1e5_fk_project_p` (`role_id`),
  KEY `project_projectuser_status_id_2b85da74_fk_project_p` (`status_id`),
  CONSTRAINT `project_projectuser_project_id_6e972543_fk_project_project_id` FOREIGN KEY (`project_id`) REFERENCES `project_project` (`id`),
  CONSTRAINT `project_projectuser_role_id_70d4c1e5_fk_project_p` FOREIGN KEY (`role_id`) REFERENCES `project_projectuserrolechoice` (`id`),
  CONSTRAINT `project_projectuser_status_id_2b85da74_fk_project_p` FOREIGN KEY (`status_id`) REFERENCES `project_projectuserstatuschoice` (`id`),
  CONSTRAINT `project_projectuser_user_id_b5f249d9_fk` FOREIGN KEY (`user_id`) REFERENCES `ifxuser` (`id`)
) ENGINE=InnoDB AUTO_INCREMENT=12 DEFAULT CHARSET=utf8 COLLATE=utf8_general_ci;
/*!40101 SET character_set_client = @saved_cs_client */;

--
-- Dumping data for table `project_projectuser`
--

LOCK TABLES `project_projectuser` WRITE;
/*!40000 ALTER TABLE `project_projectuser` DISABLE KEYS */;
INSERT INTO `project_projectuser` VALUES (1,'2024-10-10 21:21:29.484458','2024-10-10 21:21:29.484458',1,3,5,1,2),(2,'2024-10-10 21:21:29.542107','2024-10-10 21:21:29.542107',1,4,5,1,2),(3,'2024-10-10 21:21:29.558910','2024-10-10 21:21:29.558910',1,5,5,1,2),(4,'2024-10-10 21:21:29.570829','2024-10-10 21:21:29.570829',1,2,5,1,2),(5,'2024-10-10 21:21:29.576833','2024-10-10 21:21:29.576833',1,6,5,1,2),(6,'2024-10-10 21:21:29.587080','2024-10-10 21:21:29.587080',1,8,5,1,2),(7,'2024-10-10 21:21:29.592244','2024-10-10 21:21:29.592244',1,9,5,1,2),(8,'2024-10-10 21:21:29.598716','2024-10-10 21:21:29.598716',1,7,5,1,2),(9,'2024-10-10 21:22:22.980123','2024-10-10 21:22:22.980123',1,10,5,1,12),(10,'2024-10-10 21:22:55.034162','2024-10-10 21:22:55.034162',1,12,5,1,14),(11,'2024-10-10 21:23:18.012077','2024-10-10 21:23:18.012077',1,11,5,1,18);
/*!40000 ALTER TABLE `project_projectuser` ENABLE KEYS */;
UNLOCK TABLES;

--
-- Table structure for table `project_projectusermessage`
--

DROP TABLE IF EXISTS `project_projectusermessage`;
/*!40101 SET @saved_cs_client     = @@character_set_client */;
/*!40101 SET character_set_client = utf8 */;
CREATE TABLE `project_projectusermessage` (
  `id` int(11) NOT NULL AUTO_INCREMENT,
  `created` datetime(6) NOT NULL,
  `modified` datetime(6) NOT NULL,
  `note` longtext NOT NULL,
  `author_id` int(11) NOT NULL,
  `project_id` int(11) NOT NULL,
  `is_private` tinyint(1) NOT NULL,
  PRIMARY KEY (`id`),
  KEY `project_projectuserm_project_id_f126dfcc_fk_project_p` (`project_id`),
  KEY `project_projectusermessage_author_id_013403d2_fk` (`author_id`),
  CONSTRAINT `project_projectuserm_project_id_f126dfcc_fk_project_p` FOREIGN KEY (`project_id`) REFERENCES `project_project` (`id`),
  CONSTRAINT `project_projectusermessage_author_id_013403d2_fk` FOREIGN KEY (`author_id`) REFERENCES `ifxuser` (`id`)
) ENGINE=InnoDB DEFAULT CHARSET=utf8 COLLATE=utf8_general_ci;
/*!40101 SET character_set_client = @saved_cs_client */;

--
-- Dumping data for table `project_projectusermessage`
--

LOCK TABLES `project_projectusermessage` WRITE;
/*!40000 ALTER TABLE `project_projectusermessage` DISABLE KEYS */;
/*!40000 ALTER TABLE `project_projectusermessage` ENABLE KEYS */;
UNLOCK TABLES;

--
-- Table structure for table `project_projectuserrolechoice`
--

DROP TABLE IF EXISTS `project_projectuserrolechoice`;
/*!40101 SET @saved_cs_client     = @@character_set_client */;
/*!40101 SET character_set_client = utf8 */;
CREATE TABLE `project_projectuserrolechoice` (
  `id` int(11) NOT NULL AUTO_INCREMENT,
  `created` datetime(6) NOT NULL,
  `modified` datetime(6) NOT NULL,
  `name` varchar(64) NOT NULL,
  PRIMARY KEY (`id`),
  UNIQUE KEY `project_projectuserrolechoice_name_d4880685_uniq` (`name`)
) ENGINE=InnoDB AUTO_INCREMENT=6 DEFAULT CHARSET=utf8 COLLATE=utf8_general_ci;
/*!40101 SET character_set_client = @saved_cs_client */;

--
-- Dumping data for table `project_projectuserrolechoice`
--

LOCK TABLES `project_projectuserrolechoice` WRITE;
/*!40000 ALTER TABLE `project_projectuserrolechoice` DISABLE KEYS */;
INSERT INTO `project_projectuserrolechoice` VALUES (1,'2024-10-10 01:19:48.631356','2024-10-10 01:19:48.631356','User'),(2,'2024-10-10 01:19:48.634547','2024-10-10 01:19:48.634547','General Manager'),(3,'2024-10-10 01:19:48.639693','2024-10-10 01:19:48.639693','Storage Manager'),(4,'2024-10-10 01:19:48.643954','2024-10-10 01:19:48.643954','Access Manager'),(5,'2024-10-10 01:19:48.647569','2024-10-10 01:19:48.647569','PI');
/*!40000 ALTER TABLE `project_projectuserrolechoice` ENABLE KEYS */;
UNLOCK TABLES;

--
-- Table structure for table `project_projectuserstatuschoice`
--

DROP TABLE IF EXISTS `project_projectuserstatuschoice`;
/*!40101 SET @saved_cs_client     = @@character_set_client */;
/*!40101 SET character_set_client = utf8 */;
CREATE TABLE `project_projectuserstatuschoice` (
  `id` int(11) NOT NULL AUTO_INCREMENT,
  `created` datetime(6) NOT NULL,
  `modified` datetime(6) NOT NULL,
  `name` varchar(64) NOT NULL,
  PRIMARY KEY (`id`),
  UNIQUE KEY `project_projectuserstatuschoice_name_f1f049a7_uniq` (`name`)
) ENGINE=InnoDB AUTO_INCREMENT=6 DEFAULT CHARSET=utf8 COLLATE=utf8_general_ci;
/*!40101 SET character_set_client = @saved_cs_client */;

--
-- Dumping data for table `project_projectuserstatuschoice`
--

LOCK TABLES `project_projectuserstatuschoice` WRITE;
/*!40000 ALTER TABLE `project_projectuserstatuschoice` DISABLE KEYS */;
INSERT INTO `project_projectuserstatuschoice` VALUES (1,'2024-10-10 01:19:48.651981','2024-10-10 01:19:48.651981','Active'),(2,'2024-10-10 01:19:48.656876','2024-10-10 01:19:48.656876','Pending - Add'),(3,'2024-10-10 01:19:48.664038','2024-10-10 01:19:48.664038','Pending - Remove'),(4,'2024-10-10 01:19:48.668645','2024-10-10 01:19:48.668645','Denied'),(5,'2024-10-10 01:19:48.673384','2024-10-10 01:19:48.673384','Removed');
/*!40000 ALTER TABLE `project_projectuserstatuschoice` ENABLE KEYS */;
UNLOCK TABLES;

--
-- Table structure for table `publication_historicalpublication`
--

DROP TABLE IF EXISTS `publication_historicalpublication`;
/*!40101 SET @saved_cs_client     = @@character_set_client */;
/*!40101 SET character_set_client = utf8 */;
CREATE TABLE `publication_historicalpublication` (
  `id` int(11) NOT NULL,
  `created` datetime(6) NOT NULL,
  `modified` datetime(6) NOT NULL,
  `title` varchar(1024) NOT NULL,
  `author` varchar(1024) NOT NULL,
  `year` int(10) unsigned NOT NULL CHECK (`year` >= 0),
  `unique_id` varchar(255) DEFAULT NULL,
  `status` varchar(16) NOT NULL,
  `history_id` int(11) NOT NULL AUTO_INCREMENT,
  `history_date` datetime(6) NOT NULL,
  `history_change_reason` varchar(100) DEFAULT NULL,
  `history_type` varchar(1) NOT NULL,
  `history_user_id` int(11) DEFAULT NULL,
  `project_id` int(11) DEFAULT NULL,
  `source_id` int(11) DEFAULT NULL,
  `journal` varchar(1024) NOT NULL,
  PRIMARY KEY (`history_id`),
  KEY `publication_historicalpublication_id_7753bbd1` (`id`),
  KEY `publication_historicalpublication_project_id_48647b90` (`project_id`),
  KEY `publication_historicalpublication_source_id_01f799d3` (`source_id`),
  KEY `publication_historicalpublication_history_date_1935c506` (`history_date`),
  KEY `publication_historicalpublication_history_user_id_5716ab54_fk` (`history_user_id`),
  CONSTRAINT `publication_historicalpublication_history_user_id_5716ab54_fk` FOREIGN KEY (`history_user_id`) REFERENCES `ifxuser` (`id`)
) ENGINE=InnoDB DEFAULT CHARSET=utf8 COLLATE=utf8_general_ci;
/*!40101 SET character_set_client = @saved_cs_client */;

--
-- Dumping data for table `publication_historicalpublication`
--

LOCK TABLES `publication_historicalpublication` WRITE;
/*!40000 ALTER TABLE `publication_historicalpublication` DISABLE KEYS */;
/*!40000 ALTER TABLE `publication_historicalpublication` ENABLE KEYS */;
UNLOCK TABLES;

--
-- Table structure for table `publication_publication`
--

DROP TABLE IF EXISTS `publication_publication`;
/*!40101 SET @saved_cs_client     = @@character_set_client */;
/*!40101 SET character_set_client = utf8 */;
CREATE TABLE `publication_publication` (
  `id` int(11) NOT NULL AUTO_INCREMENT,
  `created` datetime(6) NOT NULL,
  `modified` datetime(6) NOT NULL,
  `title` varchar(1024) NOT NULL,
  `author` varchar(1024) NOT NULL,
  `year` int(10) unsigned NOT NULL CHECK (`year` >= 0),
  `unique_id` varchar(255) DEFAULT NULL,
  `status` varchar(16) NOT NULL,
  `project_id` int(11) NOT NULL,
  `source_id` int(11) NOT NULL,
  `journal` varchar(1024) NOT NULL,
  PRIMARY KEY (`id`),
  UNIQUE KEY `publication_publication_project_id_unique_id_3cca3e2b_uniq` (`project_id`,`unique_id`),
  KEY `publication_publicat_source_id_bad513c4_fk_publicati` (`source_id`),
  CONSTRAINT `publication_publicat_project_id_71866df3_fk_project_p` FOREIGN KEY (`project_id`) REFERENCES `project_project` (`id`),
  CONSTRAINT `publication_publicat_source_id_bad513c4_fk_publicati` FOREIGN KEY (`source_id`) REFERENCES `publication_publicationsource` (`id`)
) ENGINE=InnoDB DEFAULT CHARSET=utf8 COLLATE=utf8_general_ci;
/*!40101 SET character_set_client = @saved_cs_client */;

--
-- Dumping data for table `publication_publication`
--

LOCK TABLES `publication_publication` WRITE;
/*!40000 ALTER TABLE `publication_publication` DISABLE KEYS */;
/*!40000 ALTER TABLE `publication_publication` ENABLE KEYS */;
UNLOCK TABLES;

--
-- Table structure for table `publication_publicationsource`
--

DROP TABLE IF EXISTS `publication_publicationsource`;
/*!40101 SET @saved_cs_client     = @@character_set_client */;
/*!40101 SET character_set_client = utf8 */;
CREATE TABLE `publication_publicationsource` (
  `id` int(11) NOT NULL AUTO_INCREMENT,
  `created` datetime(6) NOT NULL,
  `modified` datetime(6) NOT NULL,
  `name` varchar(255) NOT NULL,
  `url` varchar(200) DEFAULT NULL,
  PRIMARY KEY (`id`),
  UNIQUE KEY `publication_publicationsource_name_da811deb_uniq` (`name`)
) ENGINE=InnoDB AUTO_INCREMENT=2 DEFAULT CHARSET=utf8 COLLATE=utf8_general_ci;
/*!40101 SET character_set_client = @saved_cs_client */;

--
-- Dumping data for table `publication_publicationsource`
--

LOCK TABLES `publication_publicationsource` WRITE;
/*!40000 ALTER TABLE `publication_publicationsource` DISABLE KEYS */;
INSERT INTO `publication_publicationsource` VALUES (1,'2024-10-10 00:20:00.481820','2024-10-10 00:20:00.481820','manual',NULL);
/*!40000 ALTER TABLE `publication_publicationsource` ENABLE KEYS */;
UNLOCK TABLES;

--
-- Table structure for table `rate`
--

DROP TABLE IF EXISTS `rate`;
/*!40101 SET @saved_cs_client     = @@character_set_client */;
/*!40101 SET character_set_client = utf8 */;
CREATE TABLE `rate` (
  `id` int(11) NOT NULL AUTO_INCREMENT,
  `name` varchar(50) NOT NULL,
  `price` int(11) NOT NULL,
  `units` varchar(100) NOT NULL,
  `max_qty` int(11) DEFAULT NULL,
  `is_active` tinyint(1) NOT NULL,
  `product_id` int(11) NOT NULL,
  `decimal_price` decimal(19,4) DEFAULT NULL,
  `created` datetime(6) NOT NULL,
  `updated` datetime(6) NOT NULL,
  `version` int(11) NOT NULL,
  `sort_order` int(11) NOT NULL,
  `description` varchar(100) DEFAULT NULL,
  PRIMARY KEY (`id`),
  UNIQUE KEY `rate_product_id_name_version_87f6dffd_uniq` (`product_id`,`name`,`version`),
  CONSTRAINT `rate_product_id_deb56689_fk` FOREIGN KEY (`product_id`) REFERENCES `product` (`id`)
) ENGINE=InnoDB AUTO_INCREMENT=2 DEFAULT CHARSET=utf8 COLLATE=utf8_general_ci;
/*!40101 SET character_set_client = @saved_cs_client */;

--
-- Dumping data for table `rate`
--

LOCK TABLES `rate` WRITE;
/*!40000 ALTER TABLE `rate` DISABLE KEYS */;
INSERT INTO `rate` VALUES (1,'Shared',167,'CPU Hours',NULL,1,1,0.0167,'2024-10-11 00:08:35.631088','2024-10-11 00:08:35.631140',1,1,NULL);
/*!40000 ALTER TABLE `rate` ENABLE KEYS */;
UNLOCK TABLES;

--
-- Table structure for table `report`
--

DROP TABLE IF EXISTS `report`;
/*!40101 SET @saved_cs_client     = @@character_set_client */;
/*!40101 SET character_set_client = utf8 */;
CREATE TABLE `report` (
  `id` int(11) NOT NULL AUTO_INCREMENT,
  `name` varchar(200) NOT NULL,
  `class_name` varchar(200) NOT NULL,
  PRIMARY KEY (`id`),
  UNIQUE KEY `name` (`name`),
  UNIQUE KEY `class_name` (`class_name`),
  UNIQUE KEY `report_natural_key` (`name`)
) ENGINE=InnoDB DEFAULT CHARSET=utf8 COLLATE=utf8_general_ci;
/*!40101 SET character_set_client = @saved_cs_client */;

--
-- Dumping data for table `report`
--

LOCK TABLES `report` WRITE;
/*!40000 ALTER TABLE `report` DISABLE KEYS */;
/*!40000 ALTER TABLE `report` ENABLE KEYS */;
UNLOCK TABLES;

--
-- Table structure for table `research_output_historicalresearchoutput`
--

DROP TABLE IF EXISTS `research_output_historicalresearchoutput`;
/*!40101 SET @saved_cs_client     = @@character_set_client */;
/*!40101 SET character_set_client = utf8 */;
CREATE TABLE `research_output_historicalresearchoutput` (
  `id` int(11) NOT NULL,
  `modified` datetime(6) NOT NULL,
  `title` varchar(128) NOT NULL,
  `description` longtext NOT NULL,
  `created` datetime(6) NOT NULL,
  `history_id` int(11) NOT NULL AUTO_INCREMENT,
  `history_date` datetime(6) NOT NULL,
  `history_change_reason` varchar(100) DEFAULT NULL,
  `history_type` varchar(1) NOT NULL,
  `created_by_id` int(11) DEFAULT NULL,
  `history_user_id` int(11) DEFAULT NULL,
  `project_id` int(11) DEFAULT NULL,
  PRIMARY KEY (`history_id`),
  KEY `research_output_historicalresearchoutput_id_6d5f498c` (`id`),
  KEY `research_output_historicalresearchoutput_created_by_id_d22f2e09` (`created_by_id`),
  KEY `research_output_historicalresearchoutput_project_id_54c8fa3d` (`project_id`),
  KEY `research_output_historicalresearchoutput_history_date_4693c9ea` (`history_date`),
  KEY `research_output_historica_history_user_id_adadad72_fk` (`history_user_id`),
  CONSTRAINT `research_output_historica_history_user_id_adadad72_fk` FOREIGN KEY (`history_user_id`) REFERENCES `ifxuser` (`id`)
) ENGINE=InnoDB DEFAULT CHARSET=utf8 COLLATE=utf8_general_ci;
/*!40101 SET character_set_client = @saved_cs_client */;

--
-- Dumping data for table `research_output_historicalresearchoutput`
--

LOCK TABLES `research_output_historicalresearchoutput` WRITE;
/*!40000 ALTER TABLE `research_output_historicalresearchoutput` DISABLE KEYS */;
/*!40000 ALTER TABLE `research_output_historicalresearchoutput` ENABLE KEYS */;
UNLOCK TABLES;

--
-- Table structure for table `research_output_researchoutput`
--

DROP TABLE IF EXISTS `research_output_researchoutput`;
/*!40101 SET @saved_cs_client     = @@character_set_client */;
/*!40101 SET character_set_client = utf8 */;
CREATE TABLE `research_output_researchoutput` (
  `id` int(11) NOT NULL AUTO_INCREMENT,
  `modified` datetime(6) NOT NULL,
  `title` varchar(128) NOT NULL,
  `description` longtext NOT NULL,
  `created` datetime(6) NOT NULL,
  `created_by_id` int(11) DEFAULT NULL,
  `project_id` int(11) NOT NULL,
  PRIMARY KEY (`id`),
  KEY `research_output_rese_project_id_9515e307_fk_project_p` (`project_id`),
  KEY `research_output_researchoutput_created_by_id_7104bdb3_fk` (`created_by_id`),
  CONSTRAINT `research_output_rese_project_id_9515e307_fk_project_p` FOREIGN KEY (`project_id`) REFERENCES `project_project` (`id`),
  CONSTRAINT `research_output_researchoutput_created_by_id_7104bdb3_fk` FOREIGN KEY (`created_by_id`) REFERENCES `ifxuser` (`id`)
) ENGINE=InnoDB DEFAULT CHARSET=utf8 COLLATE=utf8_general_ci;
/*!40101 SET character_set_client = @saved_cs_client */;

--
-- Dumping data for table `research_output_researchoutput`
--

LOCK TABLES `research_output_researchoutput` WRITE;
/*!40000 ALTER TABLE `research_output_researchoutput` DISABLE KEYS */;
/*!40000 ALTER TABLE `research_output_researchoutput` ENABLE KEYS */;
UNLOCK TABLES;

--
-- Table structure for table `resource_attributetype`
--

DROP TABLE IF EXISTS `resource_attributetype`;
/*!40101 SET @saved_cs_client     = @@character_set_client */;
/*!40101 SET character_set_client = utf8 */;
CREATE TABLE `resource_attributetype` (
  `id` int(11) NOT NULL AUTO_INCREMENT,
  `created` datetime(6) NOT NULL,
  `modified` datetime(6) NOT NULL,
  `name` varchar(128) NOT NULL,
  PRIMARY KEY (`id`),
  UNIQUE KEY `name` (`name`)
) ENGINE=InnoDB AUTO_INCREMENT=9 DEFAULT CHARSET=utf8 COLLATE=utf8_general_ci;
/*!40101 SET character_set_client = @saved_cs_client */;

--
-- Dumping data for table `resource_attributetype`
--

LOCK TABLES `resource_attributetype` WRITE;
/*!40000 ALTER TABLE `resource_attributetype` DISABLE KEYS */;
INSERT INTO `resource_attributetype` VALUES (1,'2024-10-10 01:18:54.259348','2024-10-10 01:18:54.259348','Active/Inactive'),(2,'2024-10-10 01:18:54.266619','2024-10-10 01:18:54.266619','Date'),(3,'2024-10-10 01:18:54.277821','2024-10-10 01:18:54.277821','Int'),(4,'2024-10-10 01:18:54.283049','2024-10-10 01:18:54.283049','Public/Private'),(5,'2024-10-10 01:18:54.290770','2024-10-10 01:18:54.290770','Text'),(6,'2024-10-10 01:18:54.296155','2024-10-10 01:18:54.296155','Yes/No'),(7,'2024-10-10 01:18:54.300548','2024-10-10 01:18:54.300548','Attribute Expanded Text'),(8,'2024-10-10 01:18:54.305050','2024-10-10 01:18:54.305050','Float');
/*!40000 ALTER TABLE `resource_attributetype` ENABLE KEYS */;
UNLOCK TABLES;

--
-- Table structure for table `resource_historicalresource`
--

DROP TABLE IF EXISTS `resource_historicalresource`;
/*!40101 SET @saved_cs_client     = @@character_set_client */;
/*!40101 SET character_set_client = utf8 */;
CREATE TABLE `resource_historicalresource` (
  `id` int(11) NOT NULL,
  `created` datetime(6) NOT NULL,
  `modified` datetime(6) NOT NULL,
  `name` varchar(128) NOT NULL,
  `description` longtext NOT NULL,
  `is_available` tinyint(1) NOT NULL,
  `is_public` tinyint(1) NOT NULL,
  `is_allocatable` tinyint(1) NOT NULL,
  `requires_payment` tinyint(1) NOT NULL,
  `history_id` int(11) NOT NULL AUTO_INCREMENT,
  `history_date` datetime(6) NOT NULL,
  `history_change_reason` varchar(100) DEFAULT NULL,
  `history_type` varchar(1) NOT NULL,
  `history_user_id` int(11) DEFAULT NULL,
  `parent_resource_id` int(11) DEFAULT NULL,
  `resource_type_id` int(11) DEFAULT NULL,
  PRIMARY KEY (`history_id`),
  KEY `resource_historicalresource_id_594146c4` (`id`),
  KEY `resource_historicalresource_name_f0a813a3` (`name`),
  KEY `resource_historicalresource_parent_resource_id_9ad85a19` (`parent_resource_id`),
  KEY `resource_historicalresource_resource_type_id_dbde5e8a` (`resource_type_id`),
  KEY `resource_historicalresource_history_date_127c70da` (`history_date`),
  KEY `resource_historicalresource_history_user_id_f6f03577_fk` (`history_user_id`),
  CONSTRAINT `resource_historicalresource_history_user_id_f6f03577_fk` FOREIGN KEY (`history_user_id`) REFERENCES `ifxuser` (`id`)
) ENGINE=InnoDB AUTO_INCREMENT=18 DEFAULT CHARSET=utf8 COLLATE=utf8_general_ci;
/*!40101 SET character_set_client = @saved_cs_client */;

--
-- Dumping data for table `resource_historicalresource`
--

LOCK TABLES `resource_historicalresource` WRITE;
/*!40000 ALTER TABLE `resource_historicalresource` DISABLE KEYS */;
INSERT INTO `resource_historicalresource` VALUES (1,'2024-10-10 01:18:54.435005','2024-10-10 01:18:54.435005','Tier 0','Bulk - Lustre',1,1,1,1,1,'2024-10-10 01:18:54.437295',NULL,'+',NULL,NULL,2),(2,'2024-10-10 01:18:54.470918','2024-10-10 01:18:54.470918','Tier 1','Enterprise - Isilon',1,1,1,1,2,'2024-10-10 01:18:54.471850',NULL,'+',NULL,NULL,2),(3,'2024-10-10 01:18:54.500583','2024-10-10 01:18:54.500583','Tier 2','CEPH storage',1,1,1,1,3,'2024-10-10 01:18:54.501201',NULL,'+',NULL,NULL,2),(4,'2024-10-10 01:18:54.520404','2024-10-10 01:18:54.520404','Tier 3','Attic Storage - Tape',1,1,1,1,4,'2024-10-10 01:18:54.520953',NULL,'+',NULL,NULL,2),(1,'2024-10-10 01:18:54.435005','2024-10-10 01:23:15.563129','Tier 0','Bulk - Lustre',1,1,1,1,6,'2024-10-10 01:23:15.567183',NULL,'~',NULL,NULL,2),(2,'2024-10-10 01:18:54.470918','2024-10-10 01:23:15.604227','Tier 1','Enterprise - Isilon',1,1,1,1,7,'2024-10-10 01:23:15.605434',NULL,'~',NULL,NULL,2),(3,'2024-10-10 01:18:54.500583','2024-10-10 01:23:15.638997','Tier 2','CEPH storage',1,1,1,1,8,'2024-10-10 01:23:15.639690',NULL,'~',NULL,NULL,2),(4,'2024-10-10 01:18:54.520404','2024-10-10 01:23:15.662447','Tier 3','Attic Storage - Tape',1,1,1,1,9,'2024-10-10 01:23:15.663164',NULL,'~',NULL,NULL,2),(7,'2024-10-10 23:57:46.629042','2024-10-10 23:57:46.629042','hpc','hpc cluster',1,1,1,0,11,'2024-10-10 23:57:46.635702',NULL,'+',1,NULL,2),(7,'2024-10-10 23:57:46.629042','2024-10-11 00:15:13.688890','hpc','hpc cluster',1,1,1,0,14,'2024-10-11 00:15:13.692925',NULL,'~',NULL,NULL,4),(7,'2024-10-10 23:57:46.629042','2024-10-11 00:22:12.316179','hpc','hpc cluster',1,1,1,0,15,'2024-10-11 00:22:12.319285',NULL,'~',NULL,NULL,4),(7,'2024-10-10 23:57:46.629042','2024-10-11 00:30:43.892813','hpc','hpc cluster',1,1,1,0,16,'2024-10-11 00:30:43.893635',NULL,'~',1,NULL,4),(7,'2024-10-10 23:57:46.629042','2024-10-11 00:30:57.044640','hpc','hpc cluster',1,1,1,0,17,'2024-10-11 00:30:57.045581',NULL,'~',1,NULL,4);
/*!40000 ALTER TABLE `resource_historicalresource` ENABLE KEYS */;
UNLOCK TABLES;

--
-- Table structure for table `resource_historicalresourceattribute`
--

DROP TABLE IF EXISTS `resource_historicalresourceattribute`;
/*!40101 SET @saved_cs_client     = @@character_set_client */;
/*!40101 SET character_set_client = utf8 */;
CREATE TABLE `resource_historicalresourceattribute` (
  `id` int(11) NOT NULL,
  `created` datetime(6) NOT NULL,
  `modified` datetime(6) NOT NULL,
  `value` longtext NOT NULL,
  `history_id` int(11) NOT NULL AUTO_INCREMENT,
  `history_date` datetime(6) NOT NULL,
  `history_change_reason` varchar(100) DEFAULT NULL,
  `history_type` varchar(1) NOT NULL,
  `history_user_id` int(11) DEFAULT NULL,
  `resource_id` int(11) DEFAULT NULL,
  `resource_attribute_type_id` int(11) DEFAULT NULL,
  PRIMARY KEY (`history_id`),
  KEY `resource_historicalresourceattribute_id_62d5ab14` (`id`),
  KEY `resource_historicalresourceattribute_resource_id_ce29c043` (`resource_id`),
  KEY `resource_historicalresource_resource_attribute_type_id_7489af5c` (`resource_attribute_type_id`),
  KEY `resource_historicalresourceattribute_history_date_baa1dc25` (`history_date`),
  KEY `resource_historicalresourceattribute_history_user_id_784c62a3_fk` (`history_user_id`),
  CONSTRAINT `resource_historicalresourceattribute_history_user_id_784c62a3_fk` FOREIGN KEY (`history_user_id`) REFERENCES `ifxuser` (`id`)
) ENGINE=InnoDB AUTO_INCREMENT=27 DEFAULT CHARSET=utf8 COLLATE=utf8_general_ci;
/*!40101 SET character_set_client = @saved_cs_client */;

--
-- Dumping data for table `resource_historicalresourceattribute`
--

LOCK TABLES `resource_historicalresourceattribute` WRITE;
/*!40000 ALTER TABLE `resource_historicalresourceattribute` DISABLE KEYS */;
INSERT INTO `resource_historicalresourceattribute` VALUES (1,'2024-10-10 01:18:54.444494','2024-10-10 01:18:54.444494','1',1,'2024-10-10 01:18:54.445762',NULL,'+',NULL,1,7),(1,'2024-10-10 01:18:54.444494','2024-10-10 01:18:54.453963','1',2,'2024-10-10 01:18:54.454677',NULL,'~',NULL,1,7),(2,'2024-10-10 01:18:54.459896','2024-10-10 01:18:54.459896','TB',3,'2024-10-10 01:18:54.460875',NULL,'+',NULL,1,8),(3,'2024-10-10 01:18:54.482551','2024-10-10 01:18:54.482551','1',4,'2024-10-10 01:18:54.483976',NULL,'+',NULL,2,7),(3,'2024-10-10 01:18:54.482551','2024-10-10 01:18:54.489354','1',5,'2024-10-10 01:18:54.490012',NULL,'~',NULL,2,7),(4,'2024-10-10 01:18:54.494586','2024-10-10 01:18:54.494586','TB',6,'2024-10-10 01:18:54.495179',NULL,'+',NULL,2,8),(5,'2024-10-10 01:18:54.505621','2024-10-10 01:18:54.505621','1',7,'2024-10-10 01:18:54.506220',NULL,'+',NULL,3,7),(5,'2024-10-10 01:18:54.505621','2024-10-10 01:18:54.510778','1',8,'2024-10-10 01:18:54.511288',NULL,'~',NULL,3,7),(6,'2024-10-10 01:18:54.515153','2024-10-10 01:18:54.515153','TB',9,'2024-10-10 01:18:54.515654',NULL,'+',NULL,3,8),(7,'2024-10-10 01:18:54.525255','2024-10-10 01:18:54.525255','20',10,'2024-10-10 01:18:54.526620',NULL,'+',NULL,4,7),(7,'2024-10-10 01:18:54.525255','2024-10-10 01:18:54.532431','20',11,'2024-10-10 01:18:54.533750',NULL,'~',NULL,4,7),(8,'2024-10-10 01:18:54.538563','2024-10-10 01:18:54.538563','TB in 20T increments',12,'2024-10-10 01:18:54.539318',NULL,'+',NULL,4,8),(1,'2024-10-10 01:18:54.444494','2024-10-10 01:23:15.576287','1',13,'2024-10-10 01:23:15.576979',NULL,'~',NULL,1,7),(1,'2024-10-10 01:18:54.444494','2024-10-10 01:23:15.582845','1',14,'2024-10-10 01:23:15.583691',NULL,'~',NULL,1,7),(2,'2024-10-10 01:18:54.459896','2024-10-10 01:23:15.591680','TB',15,'2024-10-10 01:23:15.592462',NULL,'~',NULL,1,8),(3,'2024-10-10 01:18:54.482551','2024-10-10 01:23:15.619332','1',16,'2024-10-10 01:23:15.620600',NULL,'~',NULL,2,7),(3,'2024-10-10 01:18:54.482551','2024-10-10 01:23:15.627173','1',17,'2024-10-10 01:23:15.627914',NULL,'~',NULL,2,7),(4,'2024-10-10 01:18:54.494586','2024-10-10 01:23:15.633506','TB',18,'2024-10-10 01:23:15.634145',NULL,'~',NULL,2,8),(5,'2024-10-10 01:18:54.505621','2024-10-10 01:23:15.645605','1',19,'2024-10-10 01:23:15.646253',NULL,'~',NULL,3,7),(5,'2024-10-10 01:18:54.505621','2024-10-10 01:23:15.651419','1',20,'2024-10-10 01:23:15.652681',NULL,'~',NULL,3,7),(6,'2024-10-10 01:18:54.515153','2024-10-10 01:23:15.657206','TB',21,'2024-10-10 01:23:15.657868',NULL,'~',NULL,3,8),(7,'2024-10-10 01:18:54.525255','2024-10-10 01:23:15.667291','20',22,'2024-10-10 01:23:15.667905',NULL,'~',NULL,4,7),(7,'2024-10-10 01:18:54.525255','2024-10-10 01:23:15.673814','20',23,'2024-10-10 01:23:15.677048',NULL,'~',NULL,4,7),(8,'2024-10-10 01:18:54.538563','2024-10-10 01:23:15.681940','TB in 20T increments',24,'2024-10-10 01:23:15.682596',NULL,'~',NULL,4,8),(9,'2024-10-11 00:30:43.888233','2024-10-11 00:30:43.888233','hpc',25,'2024-10-11 00:30:43.904725',NULL,'+',1,7,9),(10,'2024-10-11 00:30:57.035879','2024-10-11 00:30:57.035879','hpc',26,'2024-10-11 00:30:57.053092',NULL,'+',1,7,10);
/*!40000 ALTER TABLE `resource_historicalresourceattribute` ENABLE KEYS */;
UNLOCK TABLES;

--
-- Table structure for table `resource_historicalresourceattributetype`
--

DROP TABLE IF EXISTS `resource_historicalresourceattributetype`;
/*!40101 SET @saved_cs_client     = @@character_set_client */;
/*!40101 SET character_set_client = utf8 */;
CREATE TABLE `resource_historicalresourceattributetype` (
  `id` int(11) NOT NULL,
  `created` datetime(6) NOT NULL,
  `modified` datetime(6) NOT NULL,
  `name` varchar(128) NOT NULL,
  `is_required` tinyint(1) NOT NULL,
  `is_unique_per_resource` tinyint(1) NOT NULL,
  `is_value_unique` tinyint(1) NOT NULL,
  `history_id` int(11) NOT NULL AUTO_INCREMENT,
  `history_date` datetime(6) NOT NULL,
  `history_change_reason` varchar(100) DEFAULT NULL,
  `history_type` varchar(1) NOT NULL,
  `attribute_type_id` int(11) DEFAULT NULL,
  `history_user_id` int(11) DEFAULT NULL,
  PRIMARY KEY (`history_id`),
  KEY `resource_historicalresourceattributetype_id_41558353` (`id`),
  KEY `resource_historicalresource_attribute_type_id_5a5294dd` (`attribute_type_id`),
  KEY `resource_historicalresourceattributetype_history_date_db02b1a2` (`history_date`),
  KEY `resource_historicalresour_history_user_id_af1569e7_fk` (`history_user_id`),
  CONSTRAINT `resource_historicalresour_history_user_id_af1569e7_fk` FOREIGN KEY (`history_user_id`) REFERENCES `ifxuser` (`id`)
) ENGINE=InnoDB AUTO_INCREMENT=13 DEFAULT CHARSET=utf8 COLLATE=utf8_general_ci;
/*!40101 SET character_set_client = @saved_cs_client */;

--
-- Dumping data for table `resource_historicalresourceattributetype`
--

LOCK TABLES `resource_historicalresourceattributetype` WRITE;
/*!40000 ALTER TABLE `resource_historicalresourceattributetype` DISABLE KEYS */;
INSERT INTO `resource_historicalresourceattributetype` VALUES (1,'2024-10-10 01:18:54.313161','2024-10-10 01:18:54.313161','capacity_tb',0,0,0,1,'2024-10-10 01:18:54.315202',NULL,'+',8,NULL),(2,'2024-10-10 01:18:54.324311','2024-10-10 01:18:54.324311','free_tb',0,0,0,2,'2024-10-10 01:18:54.326278',NULL,'+',8,NULL),(3,'2024-10-10 01:18:54.335758','2024-10-10 01:18:54.335758','used_tb',0,0,0,3,'2024-10-10 01:18:54.336873',NULL,'+',8,NULL),(4,'2024-10-10 01:18:54.347960','2024-10-10 01:18:54.347960','file_count',0,0,0,4,'2024-10-10 01:18:54.356050',NULL,'+',3,NULL),(5,'2024-10-10 01:18:54.363553','2024-10-10 01:18:54.363553','allocated_tb',0,0,0,5,'2024-10-10 01:18:54.364380',NULL,'+',8,NULL),(6,'2024-10-10 01:18:54.370782','2024-10-10 01:18:54.370782','ChangeableAllocations',0,0,0,6,'2024-10-10 01:18:54.371404',NULL,'+',6,NULL),(7,'2024-10-10 01:18:54.379747','2024-10-10 01:18:54.379747','quantity_default_value',0,0,0,7,'2024-10-10 01:18:54.380501',NULL,'+',3,NULL),(8,'2024-10-10 01:18:54.385214','2024-10-10 01:18:54.385214','quantity_label',0,0,0,8,'2024-10-10 01:18:54.385889',NULL,'+',5,NULL),(9,'2024-10-10 01:18:54.393634','2024-10-10 01:18:54.393634','xdmod_resource',0,0,0,9,'2024-10-10 01:18:54.394983',NULL,'+',5,NULL),(10,'2024-10-11 00:26:36.739816','2024-10-11 00:26:36.739816','slurm_cluster',0,0,0,10,'2024-10-11 00:26:36.742699',NULL,'+',5,NULL),(11,'2024-10-11 00:27:15.062903','2024-10-11 00:27:15.062903','xdmod_resource',0,0,0,11,'2024-10-11 00:27:15.065765',NULL,'+',5,NULL),(11,'2024-10-11 00:27:15.062903','2024-10-11 00:30:15.964589','Node Count',0,0,0,12,'2024-10-11 00:30:15.967241',NULL,'~',3,1);
/*!40000 ALTER TABLE `resource_historicalresourceattributetype` ENABLE KEYS */;
UNLOCK TABLES;

--
-- Table structure for table `resource_historicalresourcetype`
--

DROP TABLE IF EXISTS `resource_historicalresourcetype`;
/*!40101 SET @saved_cs_client     = @@character_set_client */;
/*!40101 SET character_set_client = utf8 */;
CREATE TABLE `resource_historicalresourcetype` (
  `id` int(11) NOT NULL,
  `created` datetime(6) NOT NULL,
  `modified` datetime(6) NOT NULL,
  `name` varchar(128) NOT NULL,
  `description` varchar(255) NOT NULL,
  `history_id` int(11) NOT NULL AUTO_INCREMENT,
  `history_date` datetime(6) NOT NULL,
  `history_change_reason` varchar(100) DEFAULT NULL,
  `history_type` varchar(1) NOT NULL,
  `history_user_id` int(11) DEFAULT NULL,
  PRIMARY KEY (`history_id`),
  KEY `resource_historicalresourcetype_id_131a4f33` (`id`),
  KEY `resource_historicalresourcetype_name_602659fc` (`name`),
  KEY `resource_historicalresourcetype_history_date_93f5fd1f` (`history_date`),
  KEY `resource_historicalresourcetype_history_user_id_ac78b9c2_fk` (`history_user_id`),
  CONSTRAINT `resource_historicalresourcetype_history_user_id_ac78b9c2_fk` FOREIGN KEY (`history_user_id`) REFERENCES `ifxuser` (`id`)
) ENGINE=InnoDB AUTO_INCREMENT=5 DEFAULT CHARSET=utf8 COLLATE=utf8_general_ci;
/*!40101 SET character_set_client = @saved_cs_client */;

--
-- Dumping data for table `resource_historicalresourcetype`
--

LOCK TABLES `resource_historicalresourcetype` WRITE;
/*!40000 ALTER TABLE `resource_historicalresourcetype` DISABLE KEYS */;
INSERT INTO `resource_historicalresourcetype` VALUES (1,'2024-10-10 01:18:54.399959','2024-10-10 01:18:54.399959','Storage','Network Storage',1,'2024-10-10 01:18:54.400846',NULL,'+',NULL),(2,'2024-10-10 01:18:54.408530','2024-10-10 01:18:54.408530','Storage Tier','Storage Tier',2,'2024-10-10 01:18:54.409711',NULL,'+',NULL),(3,'2024-10-10 01:18:54.420246','2024-10-10 01:18:54.420246','Cloud','Cloud Computing',3,'2024-10-10 01:18:54.420955',NULL,'+',NULL),(4,'2024-10-10 01:18:54.425461','2024-10-10 01:18:54.425461','Cluster','Cluster servers',4,'2024-10-10 01:18:54.426775',NULL,'+',NULL);
/*!40000 ALTER TABLE `resource_historicalresourcetype` ENABLE KEYS */;
UNLOCK TABLES;

--
-- Table structure for table `resource_resource`
--

DROP TABLE IF EXISTS `resource_resource`;
/*!40101 SET @saved_cs_client     = @@character_set_client */;
/*!40101 SET character_set_client = utf8 */;
CREATE TABLE `resource_resource` (
  `id` int(11) NOT NULL AUTO_INCREMENT,
  `created` datetime(6) NOT NULL,
  `modified` datetime(6) NOT NULL,
  `name` varchar(128) NOT NULL,
  `description` longtext NOT NULL,
  `is_available` tinyint(1) NOT NULL,
  `is_public` tinyint(1) NOT NULL,
  `is_allocatable` tinyint(1) NOT NULL,
  `requires_payment` tinyint(1) NOT NULL,
  `parent_resource_id` int(11) DEFAULT NULL,
  `resource_type_id` int(11) NOT NULL,
  PRIMARY KEY (`id`),
  UNIQUE KEY `name` (`name`),
  KEY `resource_resource_parent_resource_id_4da996fe_fk_resource_` (`parent_resource_id`),
  KEY `resource_resource_resource_type_id_f6e3f0b8_fk_resource_` (`resource_type_id`),
  CONSTRAINT `resource_resource_parent_resource_id_4da996fe_fk_resource_` FOREIGN KEY (`parent_resource_id`) REFERENCES `resource_resource` (`id`),
  CONSTRAINT `resource_resource_resource_type_id_f6e3f0b8_fk_resource_` FOREIGN KEY (`resource_type_id`) REFERENCES `resource_resourcetype` (`id`)
) ENGINE=InnoDB AUTO_INCREMENT=9 DEFAULT CHARSET=utf8 COLLATE=utf8_general_ci;
/*!40101 SET character_set_client = @saved_cs_client */;

--
-- Dumping data for table `resource_resource`
--

LOCK TABLES `resource_resource` WRITE;
/*!40000 ALTER TABLE `resource_resource` DISABLE KEYS */;
INSERT INTO `resource_resource` VALUES (1,'2024-10-10 01:18:54.435005','2024-10-10 01:23:15.563129','Tier 0','Bulk - Lustre',1,1,1,1,NULL,2),(2,'2024-10-10 01:18:54.470918','2024-10-10 01:23:15.604227','Tier 1','Enterprise - Isilon',1,1,1,1,NULL,2),(3,'2024-10-10 01:18:54.500583','2024-10-10 01:23:15.638997','Tier 2','CEPH storage',1,1,1,1,NULL,2),(4,'2024-10-10 01:18:54.520404','2024-10-10 01:23:15.662447','Tier 3','Attic Storage - Tape',1,1,1,1,NULL,2),(7,'2024-10-10 23:57:46.629042','2024-10-11 00:30:57.044640','hpc','hpc cluster',1,1,1,0,NULL,4);
/*!40000 ALTER TABLE `resource_resource` ENABLE KEYS */;
UNLOCK TABLES;

--
-- Table structure for table `resource_resource_allowed_groups`
--

DROP TABLE IF EXISTS `resource_resource_allowed_groups`;
/*!40101 SET @saved_cs_client     = @@character_set_client */;
/*!40101 SET character_set_client = utf8 */;
CREATE TABLE `resource_resource_allowed_groups` (
  `id` int(11) NOT NULL AUTO_INCREMENT,
  `resource_id` int(11) NOT NULL,
  `group_id` int(11) NOT NULL,
  PRIMARY KEY (`id`),
  UNIQUE KEY `resource_resource_allowe_resource_id_group_id_7e58382e_uniq` (`resource_id`,`group_id`),
  KEY `resource_resource_al_group_id_8b9ff1e8_fk_auth_grou` (`group_id`),
  CONSTRAINT `resource_resource_al_group_id_8b9ff1e8_fk_auth_grou` FOREIGN KEY (`group_id`) REFERENCES `auth_group` (`id`),
  CONSTRAINT `resource_resource_al_resource_id_d58f1ca5_fk_resource_` FOREIGN KEY (`resource_id`) REFERENCES `resource_resource` (`id`)
) ENGINE=InnoDB DEFAULT CHARSET=utf8 COLLATE=utf8_general_ci;
/*!40101 SET character_set_client = @saved_cs_client */;

--
-- Dumping data for table `resource_resource_allowed_groups`
--

LOCK TABLES `resource_resource_allowed_groups` WRITE;
/*!40000 ALTER TABLE `resource_resource_allowed_groups` DISABLE KEYS */;
/*!40000 ALTER TABLE `resource_resource_allowed_groups` ENABLE KEYS */;
UNLOCK TABLES;

--
-- Table structure for table `resource_resource_allowed_users`
--

DROP TABLE IF EXISTS `resource_resource_allowed_users`;
/*!40101 SET @saved_cs_client     = @@character_set_client */;
/*!40101 SET character_set_client = utf8 */;
CREATE TABLE `resource_resource_allowed_users` (
  `id` int(11) NOT NULL AUTO_INCREMENT,
  `resource_id` int(11) NOT NULL,
  `ifxuser_id` int(11) NOT NULL,
  PRIMARY KEY (`id`),
  UNIQUE KEY `resource_resource_allowe_resource_id_ifxuser_id_86454e69_uniq` (`resource_id`,`ifxuser_id`),
  KEY `resource_resource_allowed_users_ifxuser_id_acf540ac_fk` (`ifxuser_id`),
  CONSTRAINT `resource_resource_al_resource_id_8b6b9078_fk_resource_` FOREIGN KEY (`resource_id`) REFERENCES `resource_resource` (`id`),
  CONSTRAINT `resource_resource_allowed_users_ifxuser_id_acf540ac_fk` FOREIGN KEY (`ifxuser_id`) REFERENCES `ifxuser` (`id`)
) ENGINE=InnoDB DEFAULT CHARSET=utf8 COLLATE=utf8_general_ci;
/*!40101 SET character_set_client = @saved_cs_client */;

--
-- Dumping data for table `resource_resource_allowed_users`
--

LOCK TABLES `resource_resource_allowed_users` WRITE;
/*!40000 ALTER TABLE `resource_resource_allowed_users` DISABLE KEYS */;
/*!40000 ALTER TABLE `resource_resource_allowed_users` ENABLE KEYS */;
UNLOCK TABLES;

--
-- Table structure for table `resource_resource_linked_resources`
--

DROP TABLE IF EXISTS `resource_resource_linked_resources`;
/*!40101 SET @saved_cs_client     = @@character_set_client */;
/*!40101 SET character_set_client = utf8 */;
CREATE TABLE `resource_resource_linked_resources` (
  `id` int(11) NOT NULL AUTO_INCREMENT,
  `from_resource_id` int(11) NOT NULL,
  `to_resource_id` int(11) NOT NULL,
  PRIMARY KEY (`id`),
  UNIQUE KEY `resource_resource_linked_from_resource_id_to_reso_bf0716f9_uniq` (`from_resource_id`,`to_resource_id`),
  KEY `resource_resource_li_to_resource_id_7d66ce92_fk_resource_` (`to_resource_id`),
  CONSTRAINT `resource_resource_li_from_resource_id_5293faea_fk_resource_` FOREIGN KEY (`from_resource_id`) REFERENCES `resource_resource` (`id`),
  CONSTRAINT `resource_resource_li_to_resource_id_7d66ce92_fk_resource_` FOREIGN KEY (`to_resource_id`) REFERENCES `resource_resource` (`id`)
) ENGINE=InnoDB DEFAULT CHARSET=utf8 COLLATE=utf8_general_ci;
/*!40101 SET character_set_client = @saved_cs_client */;

--
-- Dumping data for table `resource_resource_linked_resources`
--

LOCK TABLES `resource_resource_linked_resources` WRITE;
/*!40000 ALTER TABLE `resource_resource_linked_resources` DISABLE KEYS */;
/*!40000 ALTER TABLE `resource_resource_linked_resources` ENABLE KEYS */;
UNLOCK TABLES;

--
-- Table structure for table `resource_resourceattribute`
--

DROP TABLE IF EXISTS `resource_resourceattribute`;
/*!40101 SET @saved_cs_client     = @@character_set_client */;
/*!40101 SET character_set_client = utf8 */;
CREATE TABLE `resource_resourceattribute` (
  `id` int(11) NOT NULL AUTO_INCREMENT,
  `created` datetime(6) NOT NULL,
  `modified` datetime(6) NOT NULL,
  `value` longtext NOT NULL,
  `resource_id` int(11) NOT NULL,
  `resource_attribute_type_id` int(11) NOT NULL,
  PRIMARY KEY (`id`),
  UNIQUE KEY `resource_resourceattribu_resource_attribute_type__96aa4a91_uniq` (`resource_attribute_type_id`,`resource_id`),
  KEY `resource_resourceatt_resource_id_b14a0540_fk_resource_` (`resource_id`),
  CONSTRAINT `resource_resourceatt_resource_attribute_t_fef6d610_fk_resource_` FOREIGN KEY (`resource_attribute_type_id`) REFERENCES `resource_resourceattributetype` (`id`),
  CONSTRAINT `resource_resourceatt_resource_id_b14a0540_fk_resource_` FOREIGN KEY (`resource_id`) REFERENCES `resource_resource` (`id`)
) ENGINE=InnoDB AUTO_INCREMENT=11 DEFAULT CHARSET=utf8 COLLATE=utf8_general_ci;
/*!40101 SET character_set_client = @saved_cs_client */;

--
-- Dumping data for table `resource_resourceattribute`
--

LOCK TABLES `resource_resourceattribute` WRITE;
/*!40000 ALTER TABLE `resource_resourceattribute` DISABLE KEYS */;
INSERT INTO `resource_resourceattribute` VALUES (1,'2024-10-10 01:18:54.444494','2024-10-10 01:23:15.582845','1',1,7),(2,'2024-10-10 01:18:54.459896','2024-10-10 01:23:15.591680','TB',1,8),(3,'2024-10-10 01:18:54.482551','2024-10-10 01:23:15.627173','1',2,7),(4,'2024-10-10 01:18:54.494586','2024-10-10 01:23:15.633506','TB',2,8),(5,'2024-10-10 01:18:54.505621','2024-10-10 01:23:15.651419','1',3,7),(6,'2024-10-10 01:18:54.515153','2024-10-10 01:23:15.657206','TB',3,8),(7,'2024-10-10 01:18:54.525255','2024-10-10 01:23:15.673814','20',4,7),(8,'2024-10-10 01:18:54.538563','2024-10-10 01:23:15.681940','TB in 20T increments',4,8),(9,'2024-10-11 00:30:43.888233','2024-10-11 00:30:43.888233','hpc',7,9),(10,'2024-10-11 00:30:57.035879','2024-10-11 00:30:57.035879','hpc',7,10);
/*!40000 ALTER TABLE `resource_resourceattribute` ENABLE KEYS */;
UNLOCK TABLES;

--
-- Table structure for table `resource_resourceattributetype`
--

DROP TABLE IF EXISTS `resource_resourceattributetype`;
/*!40101 SET @saved_cs_client     = @@character_set_client */;
/*!40101 SET character_set_client = utf8 */;
CREATE TABLE `resource_resourceattributetype` (
  `id` int(11) NOT NULL AUTO_INCREMENT,
  `created` datetime(6) NOT NULL,
  `modified` datetime(6) NOT NULL,
  `name` varchar(128) NOT NULL,
  `is_required` tinyint(1) NOT NULL,
  `is_unique_per_resource` tinyint(1) NOT NULL,
  `is_value_unique` tinyint(1) NOT NULL,
  `attribute_type_id` int(11) NOT NULL,
  PRIMARY KEY (`id`),
  KEY `resource_resourceatt_attribute_type_id_7116f06a_fk_resource_` (`attribute_type_id`),
  CONSTRAINT `resource_resourceatt_attribute_type_id_7116f06a_fk_resource_` FOREIGN KEY (`attribute_type_id`) REFERENCES `resource_attributetype` (`id`)
) ENGINE=InnoDB AUTO_INCREMENT=12 DEFAULT CHARSET=utf8 COLLATE=utf8_general_ci;
/*!40101 SET character_set_client = @saved_cs_client */;

--
-- Dumping data for table `resource_resourceattributetype`
--

LOCK TABLES `resource_resourceattributetype` WRITE;
/*!40000 ALTER TABLE `resource_resourceattributetype` DISABLE KEYS */;
INSERT INTO `resource_resourceattributetype` VALUES (1,'2024-10-10 01:18:54.313161','2024-10-10 01:18:54.313161','capacity_tb',0,0,0,8),(2,'2024-10-10 01:18:54.324311','2024-10-10 01:18:54.324311','free_tb',0,0,0,8),(3,'2024-10-10 01:18:54.335758','2024-10-10 01:18:54.335758','used_tb',0,0,0,8),(4,'2024-10-10 01:18:54.347960','2024-10-10 01:18:54.347960','file_count',0,0,0,3),(5,'2024-10-10 01:18:54.363553','2024-10-10 01:18:54.363553','allocated_tb',0,0,0,8),(6,'2024-10-10 01:18:54.370782','2024-10-10 01:18:54.370782','ChangeableAllocations',0,0,0,6),(7,'2024-10-10 01:18:54.379747','2024-10-10 01:18:54.379747','quantity_default_value',0,0,0,3),(8,'2024-10-10 01:18:54.385214','2024-10-10 01:18:54.385214','quantity_label',0,0,0,5),(9,'2024-10-10 01:18:54.393634','2024-10-10 01:18:54.393634','xdmod_resource',0,0,0,5),(10,'2024-10-11 00:26:36.739816','2024-10-11 00:26:36.739816','slurm_cluster',0,0,0,5),(11,'2024-10-11 00:27:15.062903','2024-10-11 00:30:15.964589','Node Count',0,0,0,3);
/*!40000 ALTER TABLE `resource_resourceattributetype` ENABLE KEYS */;
UNLOCK TABLES;

--
-- Table structure for table `resource_resourcetype`
--

DROP TABLE IF EXISTS `resource_resourcetype`;
/*!40101 SET @saved_cs_client     = @@character_set_client */;
/*!40101 SET character_set_client = utf8 */;
CREATE TABLE `resource_resourcetype` (
  `id` int(11) NOT NULL AUTO_INCREMENT,
  `created` datetime(6) NOT NULL,
  `modified` datetime(6) NOT NULL,
  `name` varchar(128) NOT NULL,
  `description` varchar(255) NOT NULL,
  PRIMARY KEY (`id`),
  UNIQUE KEY `name` (`name`)
) ENGINE=InnoDB AUTO_INCREMENT=5 DEFAULT CHARSET=utf8 COLLATE=utf8_general_ci;
/*!40101 SET character_set_client = @saved_cs_client */;

--
-- Dumping data for table `resource_resourcetype`
--

LOCK TABLES `resource_resourcetype` WRITE;
/*!40000 ALTER TABLE `resource_resourcetype` DISABLE KEYS */;
INSERT INTO `resource_resourcetype` VALUES (1,'2024-10-10 01:18:54.399959','2024-10-10 01:18:54.399959','Storage','Network Storage'),(2,'2024-10-10 01:18:54.408530','2024-10-10 01:18:54.408530','Storage Tier','Storage Tier'),(3,'2024-10-10 01:18:54.420246','2024-10-10 01:18:54.420246','Cloud','Cloud Computing'),(4,'2024-10-10 01:18:54.425461','2024-10-10 01:18:54.425461','Cluster','Cluster servers');
/*!40000 ALTER TABLE `resource_resourcetype` ENABLE KEYS */;
UNLOCK TABLES;

--
-- Table structure for table `transaction`
--

DROP TABLE IF EXISTS `transaction`;
/*!40101 SET @saved_cs_client     = @@character_set_client */;
/*!40101 SET character_set_client = utf8 */;
CREATE TABLE `transaction` (
  `id` int(11) NOT NULL AUTO_INCREMENT,
  `charge` int(11) NOT NULL,
  `description` varchar(500) NOT NULL,
  `rate` varchar(100) DEFAULT NULL,
  `created` datetime(6) NOT NULL,
  `author_id` int(11) DEFAULT NULL,
  `billing_record_id` int(11) NOT NULL,
  `updated_by_id` int(11) DEFAULT NULL,
  `decimal_charge` decimal(19,4) DEFAULT NULL,
  PRIMARY KEY (`id`),
  KEY `transaction_billing_record_id_a0a42580_fk` (`billing_record_id`),
  KEY `transaction_author_id_a47e05ac_fk` (`author_id`),
  KEY `transaction_updated_by_id_ba63cdc2_fk` (`updated_by_id`),
  CONSTRAINT `transaction_author_id_a47e05ac_fk` FOREIGN KEY (`author_id`) REFERENCES `ifxuser` (`id`),
  CONSTRAINT `transaction_billing_record_id_a0a42580_fk` FOREIGN KEY (`billing_record_id`) REFERENCES `billing_record` (`id`),
  CONSTRAINT `transaction_updated_by_id_ba63cdc2_fk` FOREIGN KEY (`updated_by_id`) REFERENCES `ifxuser` (`id`)
) ENGINE=InnoDB DEFAULT CHARSET=utf8 COLLATE=utf8_general_ci;
/*!40101 SET character_set_client = @saved_cs_client */;

--
-- Dumping data for table `transaction`
--

LOCK TABLES `transaction` WRITE;
/*!40000 ALTER TABLE `transaction` DISABLE KEYS */;
/*!40000 ALTER TABLE `transaction` ENABLE KEYS */;
UNLOCK TABLES;

--
-- Table structure for table `user_account`
--

DROP TABLE IF EXISTS `user_account`;
/*!40101 SET @saved_cs_client     = @@character_set_client */;
/*!40101 SET character_set_client = utf8 */;
CREATE TABLE `user_account` (
  `id` int(11) NOT NULL AUTO_INCREMENT,
  `is_valid` tinyint(1) NOT NULL,
  `account_id` int(11) NOT NULL,
  `user_id` int(11) NOT NULL,
  PRIMARY KEY (`id`),
  UNIQUE KEY `user_account_account_id_user_id_7e282f19_uniq` (`account_id`,`user_id`),
  KEY `user_account_user_id_423df333_fk` (`user_id`),
  CONSTRAINT `user_account_account_id_1bc9c728_fk` FOREIGN KEY (`account_id`) REFERENCES `account` (`id`),
  CONSTRAINT `user_account_user_id_423df333_fk` FOREIGN KEY (`user_id`) REFERENCES `ifxuser` (`id`)
) ENGINE=InnoDB DEFAULT CHARSET=utf8 COLLATE=utf8_general_ci;
/*!40101 SET character_set_client = @saved_cs_client */;

--
-- Dumping data for table `user_account`
--

LOCK TABLES `user_account` WRITE;
/*!40000 ALTER TABLE `user_account` DISABLE KEYS */;
/*!40000 ALTER TABLE `user_account` ENABLE KEYS */;
UNLOCK TABLES;

--
-- Table structure for table `user_contact`
--

DROP TABLE IF EXISTS `user_contact`;
/*!40101 SET @saved_cs_client     = @@character_set_client */;
/*!40101 SET character_set_client = utf8 */;
CREATE TABLE `user_contact` (
  `id` int(11) NOT NULL AUTO_INCREMENT,
  `role` varchar(20) NOT NULL,
  `contact_id` int(11) NOT NULL,
  `user_id` int(11) NOT NULL,
  `active` tinyint(1) NOT NULL,
  PRIMARY KEY (`id`),
  UNIQUE KEY `user_contact_user_id_contact_id_role_cb8581c5_uniq` (`user_id`,`contact_id`,`role`),
  KEY `user_contact_contact_id_f5f31fdf_fk` (`contact_id`),
  CONSTRAINT `user_contact_contact_id_f5f31fdf_fk` FOREIGN KEY (`contact_id`) REFERENCES `nanites_contact` (`id`),
  CONSTRAINT `user_contact_user_id_06fd0470_fk` FOREIGN KEY (`user_id`) REFERENCES `ifxuser` (`id`)
) ENGINE=InnoDB DEFAULT CHARSET=utf8 COLLATE=utf8_general_ci;
/*!40101 SET character_set_client = @saved_cs_client */;

--
-- Dumping data for table `user_contact`
--

LOCK TABLES `user_contact` WRITE;
/*!40000 ALTER TABLE `user_contact` DISABLE KEYS */;
/*!40000 ALTER TABLE `user_contact` ENABLE KEYS */;
UNLOCK TABLES;

--
-- Table structure for table `user_file`
--

DROP TABLE IF EXISTS `user_file`;
/*!40101 SET @saved_cs_client     = @@character_set_client */;
/*!40101 SET character_set_client = utf8 */;
CREATE TABLE `user_file` (
  `id` int(11) NOT NULL AUTO_INCREMENT,
  `file` varchar(100) NOT NULL,
  `category_id` int(11) NOT NULL,
  `user_id` int(11) NOT NULL,
  PRIMARY KEY (`id`),
  UNIQUE KEY `user_file_user_id_file_576163d7_uniq` (`user_id`,`file`),
  KEY `user_file_category_id_51b56bc3_fk` (`category_id`),
  CONSTRAINT `user_file_category_id_51b56bc3_fk` FOREIGN KEY (`category_id`) REFERENCES `user_file_category` (`id`),
  CONSTRAINT `user_file_user_id_4f51c5da_fk` FOREIGN KEY (`user_id`) REFERENCES `ifxuser` (`id`)
) ENGINE=InnoDB DEFAULT CHARSET=utf8 COLLATE=utf8_general_ci;
/*!40101 SET character_set_client = @saved_cs_client */;

--
-- Dumping data for table `user_file`
--

LOCK TABLES `user_file` WRITE;
/*!40000 ALTER TABLE `user_file` DISABLE KEYS */;
/*!40000 ALTER TABLE `user_file` ENABLE KEYS */;
UNLOCK TABLES;

--
-- Table structure for table `user_file_category`
--

DROP TABLE IF EXISTS `user_file_category`;
/*!40101 SET @saved_cs_client     = @@character_set_client */;
/*!40101 SET character_set_client = utf8 */;
CREATE TABLE `user_file_category` (
  `id` int(11) NOT NULL AUTO_INCREMENT,
  `name` varchar(50) NOT NULL,
  PRIMARY KEY (`id`),
  UNIQUE KEY `name` (`name`)
) ENGINE=InnoDB DEFAULT CHARSET=utf8 COLLATE=utf8_general_ci;
/*!40101 SET character_set_client = @saved_cs_client */;

--
-- Dumping data for table `user_file_category`
--

LOCK TABLES `user_file_category` WRITE;
/*!40000 ALTER TABLE `user_file_category` DISABLE KEYS */;
/*!40000 ALTER TABLE `user_file_category` ENABLE KEYS */;
UNLOCK TABLES;

--
-- Table structure for table `user_product_account`
--

DROP TABLE IF EXISTS `user_product_account`;
/*!40101 SET @saved_cs_client     = @@character_set_client */;
/*!40101 SET character_set_client = utf8 */;
CREATE TABLE `user_product_account` (
  `id` int(11) NOT NULL AUTO_INCREMENT,
  `percent` int(11) NOT NULL,
  `is_valid` tinyint(1) NOT NULL,
  `account_id` int(11) NOT NULL,
  `product_id` int(11) NOT NULL,
  `user_id` int(11) NOT NULL,
  PRIMARY KEY (`id`),
  UNIQUE KEY `user_product_account_natural_key` (`account_id`,`user_id`,`product_id`),
  KEY `user_product_account_product_id_9978aa64_fk` (`product_id`),
  KEY `user_product_account_user_id_12210cef_fk` (`user_id`),
  CONSTRAINT `user_product_account_account_id_59b3449d_fk` FOREIGN KEY (`account_id`) REFERENCES `account` (`id`),
  CONSTRAINT `user_product_account_product_id_9978aa64_fk` FOREIGN KEY (`product_id`) REFERENCES `product` (`id`),
  CONSTRAINT `user_product_account_user_id_12210cef_fk` FOREIGN KEY (`user_id`) REFERENCES `ifxuser` (`id`)
) ENGINE=InnoDB DEFAULT CHARSET=utf8 COLLATE=utf8_general_ci;
/*!40101 SET character_set_client = @saved_cs_client */;

--
-- Dumping data for table `user_product_account`
--

LOCK TABLES `user_product_account` WRITE;
/*!40000 ALTER TABLE `user_product_account` DISABLE KEYS */;
/*!40000 ALTER TABLE `user_product_account` ENABLE KEYS */;
UNLOCK TABLES;

--
-- Table structure for table `user_userprofile`
--

DROP TABLE IF EXISTS `user_userprofile`;
/*!40101 SET @saved_cs_client     = @@character_set_client */;
/*!40101 SET character_set_client = utf8 */;
CREATE TABLE `user_userprofile` (
  `id` int(11) NOT NULL AUTO_INCREMENT,
  `is_pi` tinyint(1) NOT NULL,
  `user_id` int(11) NOT NULL,
  PRIMARY KEY (`id`),
  UNIQUE KEY `user_id` (`user_id`),
  CONSTRAINT `user_userprofile_user_id_2474538d_fk` FOREIGN KEY (`user_id`) REFERENCES `ifxuser` (`id`)
) ENGINE=InnoDB AUTO_INCREMENT=21 DEFAULT CHARSET=utf8 COLLATE=utf8_general_ci;
/*!40101 SET character_set_client = @saved_cs_client */;

--
-- Dumping data for table `user_userprofile`
--

LOCK TABLES `user_userprofile` WRITE;
/*!40000 ALTER TABLE `user_userprofile` DISABLE KEYS */;
INSERT INTO `user_userprofile` VALUES (1,0,1),(2,0,2),(3,0,3),(4,0,4),(5,0,5),(6,0,6),(7,0,7),(8,0,8),(9,0,9),(10,0,10),(11,0,11),(12,0,12),(13,0,13),(14,0,14),(15,0,15),(16,0,16),(17,0,17),(18,0,18),(19,0,19),(20,0,20);
/*!40000 ALTER TABLE `user_userprofile` ENABLE KEYS */;
UNLOCK TABLES;
/*!40103 SET TIME_ZONE=@OLD_TIME_ZONE */;

/*!40101 SET SQL_MODE=@OLD_SQL_MODE */;
/*!40014 SET FOREIGN_KEY_CHECKS=@OLD_FOREIGN_KEY_CHECKS */;
/*!40014 SET UNIQUE_CHECKS=@OLD_UNIQUE_CHECKS */;
/*!40101 SET CHARACTER_SET_CLIENT=@OLD_CHARACTER_SET_CLIENT */;
/*!40101 SET CHARACTER_SET_RESULTS=@OLD_CHARACTER_SET_RESULTS */;
/*!40101 SET COLLATION_CONNECTION=@OLD_COLLATION_CONNECTION */;
/*!40111 SET SQL_NOTES=@OLD_SQL_NOTES */;

-- Dump completed on 2024-10-11  0:31:35
